ISO-10303-21;
HEADER;
FILE_DESCRIPTION (( 'STEP AP214' ),
    '1' );
FILE_NAME ('RVT50HQBNWN00.STEP',
    '2023-01-28T13:23:12',
    ( '' ),
    ( '' ),
    'SwSTEP 2.0',
    'SolidWorks 2022',
    '' );
FILE_SCHEMA (( 'AUTOMOTIVE_DESIGN' ));
ENDSEC;

DATA;
#1 = LINE ( 'NONE', #689, #1567 ) ;
#2 = DIRECTION ( 'NONE',  ( 1.000000000000000000, 0.000000000000000000, 0.000000000000000000 ) ) ;
#3 = CARTESIAN_POINT ( 'NONE',  ( -30.00000000000000000, 6.756708850049370163, -1.409999999999999476 ) ) ;
#4 = SURFACE_SIDE_STYLE ('',( #432 ) ) ;
#5 = ADVANCED_BREP_SHAPE_REPRESENTATION ( 'RVT50HQBNWN00', ( #639, #1253, #1261, #18, #787 ), #358 ) ;
#6 = CARTESIAN_POINT ( 'NONE',  ( 60.35000000000000142, 0.000000000000000000, 3.180000000000000160 ) ) ;
#7 = PRESENTATION_STYLE_ASSIGNMENT (( #1833 ) ) ;
#8 =( NAMED_UNIT ( * ) PLANE_ANGLE_UNIT ( ) SI_UNIT ( $, .RADIAN. ) );
#9 = LINE ( 'NONE', #1838, #213 ) ;
#10 = EDGE_LOOP ( 'NONE', ( #843, #431, #1113, #1078 ) ) ;
#11 = DIRECTION ( 'NONE',  ( 0.000000000000000000, 0.000000000000000000, -1.000000000000000000 ) ) ;
#12 = ADVANCED_FACE ( 'NONE', ( #155 ), #874, .F. ) ;
#13 = FILL_AREA_STYLE_COLOUR ( '', #1242 ) ;
#14 = PRESENTATION_LAYER_ASSIGNMENT (  '', '', ( #448 ) ) ;
#15 = CIRCLE ( 'NONE', #1063, 1.899999999999999023 ) ;
#16 = STYLED_ITEM ( 'NONE', ( #1840 ), #1586 ) ;
#17 = FACE_OUTER_BOUND ( 'NONE', #1617, .T. ) ;
#18 = MANIFOLD_SOLID_BREP ( 'Fillet2', #1531 ) ;
#19 = CIRCLE ( 'NONE', #109, 1.899999999999999023 ) ;
#20 = CARTESIAN_POINT ( 'NONE',  ( 0.000000000000000000, -6.899999999999995914, -1.909999999999999698 ) ) ;
#21 = MECHANICAL_DESIGN_GEOMETRIC_PRESENTATION_REPRESENTATION (  '', ( #828 ), #450 ) ;
#22 = VECTOR ( 'NONE', #1090, 1000.000000000000000 ) ;
#23 = FACE_OUTER_BOUND ( 'NONE', #1327, .T. ) ;
#24 = VERTEX_POINT ( 'NONE', #601 ) ;
#25 = FILL_AREA_STYLE_COLOUR ( '', #1217 ) ;
#26 = STYLED_ITEM ( 'NONE', ( #67 ), #1048 ) ;
#27 =( NAMED_UNIT ( * ) PLANE_ANGLE_UNIT ( ) SI_UNIT ( $, .RADIAN. ) );
#28 = EDGE_CURVE ( 'NONE', #779, #649, #441, .T. ) ;
#29 = FILL_AREA_STYLE_COLOUR ( '', #278 ) ;
#30 = CARTESIAN_POINT ( 'NONE',  ( 0.000000000000000000, -9.899999999999995026, -0.9099999999999995870 ) ) ;
#31 = SURFACE_SIDE_STYLE ('',( #1433 ) ) ;
#32 = CARTESIAN_POINT ( 'NONE',  ( -60.35000000000000142, 37.90000000000000568, 3.180000000000000160 ) ) ;
#33 = EDGE_LOOP ( 'NONE', ( #1071, #905, #561, #1027 ) ) ;
#34 = SURFACE_STYLE_USAGE ( .BOTH. , #740 ) ;
#35 = LINE ( 'NONE', #272, #1325 ) ;
#36 = CARTESIAN_POINT ( 'NONE',  ( 57.50000000000000000, 37.90000000000000568, 0.000000000000000000 ) ) ;
#37 = CARTESIAN_POINT ( 'NONE',  ( 60.35000000000000142, -37.89999999999999147, 3.180000000000000160 ) ) ;
#38 = EDGE_CURVE ( 'NONE', #676, #986, #1197, .T. ) ;
#39 = ORIENTED_EDGE ( 'NONE', *, *, #1468, .F. ) ;
#40 = SURFACE_STYLE_USAGE ( .BOTH. , #1587 ) ;
#41 = CARTESIAN_POINT ( 'NONE',  ( 60.35000000000000142, -37.89999999999999147, 3.180000000000000160 ) ) ;
#42 = CARTESIAN_POINT ( 'NONE',  ( -30.00000000000000000, -38.49999999999999289, -0.009999999999999809389 ) ) ;
#43 = CARTESIAN_POINT ( 'NONE',  ( 30.00000000000000000, -39.39999999999999147, 0.1899999999999905098 ) ) ;
#44 = AXIS2_PLACEMENT_3D ( 'NONE', #908, #53, #1188 ) ;
#45 = AXIS2_PLACEMENT_3D ( 'NONE', #1042, #167, #1758 ) ;
#46 = MECHANICAL_DESIGN_GEOMETRIC_PRESENTATION_REPRESENTATION (  '', ( #518 ), #1007 ) ;
#47 = DIRECTION ( 'NONE',  ( 0.000000000000000000, 0.000000000000000000, -1.000000000000000000 ) ) ;
#48 = ORIENTED_EDGE ( 'NONE', *, *, #743, .F. ) ;
#49 = FACE_BOUND ( 'NONE', #1254, .T. ) ;
#50 = EDGE_CURVE ( 'NONE', #422, #1398, #1772, .T. ) ;
#51 = AXIS2_PLACEMENT_3D ( 'NONE', #1612, #464, #1049 ) ;
#52 = CARTESIAN_POINT ( 'NONE',  ( 30.00000000000000000, -38.49999999999997868, -1.909999999999999698 ) ) ;
#53 = DIRECTION ( 'NONE',  ( 1.000000000000000000, 0.000000000000000000, 0.000000000000000000 ) ) ;
#54 = UNCERTAINTY_MEASURE_WITH_UNIT (LENGTH_MEASURE( 1.000000000000000082E-05 ), #1484, 'distance_accuracy_value', 'NONE');
#55 = LINE ( 'NONE', #71, #794 ) ;
#56 =( GEOMETRIC_REPRESENTATION_CONTEXT ( 3 ) GLOBAL_UNCERTAINTY_ASSIGNED_CONTEXT ( ( #208 ) ) GLOBAL_UNIT_ASSIGNED_CONTEXT ( ( #669, #236, #1136 ) ) REPRESENTATION_CONTEXT ( 'NONE', 'WORKASPACE' ) );
#57 = PRESENTATION_STYLE_ASSIGNMENT (( #63 ) ) ;
#58 = FILL_AREA_STYLE_COLOUR ( '', #1536 ) ;
#59 = EDGE_LOOP ( 'NONE', ( #768, #399, #1250, #1100 ) ) ;
#60 = SURFACE_STYLE_FILL_AREA ( #935 ) ;
#61 = CARTESIAN_POINT ( 'NONE',  ( 57.50000000000000000, 37.90000000000000568, -5.339999999999998970 ) ) ;
#62 = CARTESIAN_POINT ( 'NONE',  ( 60.35000000000000142, 37.90000000000000568, 0.000000000000000000 ) ) ;
#63 = SURFACE_STYLE_USAGE ( .BOTH. , #1342 ) ;
#64 = DIRECTION ( 'NONE',  ( -1.000000000000000000, 0.000000000000000000, 0.000000000000000000 ) ) ;
#65 = UNCERTAINTY_MEASURE_WITH_UNIT (LENGTH_MEASURE( 1.000000000000000082E-05 ), #1635, 'distance_accuracy_value', 'NONE');
#66 = EDGE_LOOP ( 'NONE', ( #691, #1526, #838, #821 ) ) ;
#67 = PRESENTATION_STYLE_ASSIGNMENT (( #1482 ) ) ;
#68 = DIRECTION ( 'NONE',  ( -0.000000000000000000, 1.000000000000000000, -0.000000000000000000 ) ) ;
#69 = CARTESIAN_POINT ( 'NONE',  ( -54.00000000000000711, 32.39999999999999858, 3.180000000000000160 ) ) ;
#70 = UNCERTAINTY_MEASURE_WITH_UNIT (LENGTH_MEASURE( 1.000000000000000082E-05 ), #1669, 'distance_accuracy_value', 'NONE');
#71 = CARTESIAN_POINT ( 'NONE',  ( -30.00000000000000000, -40.39999999999999147, 0.1899999999999877898 ) ) ;
#72 = ORIENTED_EDGE ( 'NONE', *, *, #688, .T. ) ;
#73 = DIRECTION ( 'NONE',  ( -0.000000000000000000, 0.000000000000000000, 1.000000000000000000 ) ) ;
#74 = EDGE_CURVE ( 'NONE', #1378, #1168, #1485, .T. ) ;
#75 = MECHANICAL_DESIGN_GEOMETRIC_PRESENTATION_REPRESENTATION (  '', ( #1031 ), #1148 ) ;
#76 = SURFACE_STYLE_USAGE ( .BOTH. , #629 ) ;
#77 = ORIENTED_EDGE ( 'NONE', *, *, #1611, .F. ) ;
#78 =( NAMED_UNIT ( * ) SI_UNIT ( $, .STERADIAN. ) SOLID_ANGLE_UNIT ( ) );
#79 = CARTESIAN_POINT ( 'NONE',  ( 53.99999999999999289, -32.39999999999999858, 0.000000000000000000 ) ) ;
#80 = AXIS2_PLACEMENT_3D ( 'NONE', #1089, #1690, #1246 ) ;
#81 = FILL_AREA_STYLE ('',( #324 ) ) ;
#82 = FILL_AREA_STYLE ('',( #1356 ) ) ;
#83 =( GEOMETRIC_REPRESENTATION_CONTEXT ( 3 ) GLOBAL_UNCERTAINTY_ASSIGNED_CONTEXT ( ( #226 ) ) GLOBAL_UNIT_ASSIGNED_CONTEXT ( ( #1138, #1561, #810 ) ) REPRESENTATION_CONTEXT ( 'NONE', 'WORKASPACE' ) );
#84 = ORIENTED_EDGE ( 'NONE', *, *, #568, .T. ) ;
#85 = PRESENTATION_STYLE_ASSIGNMENT (( #650 ) ) ;
#86 = AXIS2_PLACEMENT_3D ( 'NONE', #1354, #351, #198 ) ;
#87 = EDGE_CURVE ( 'NONE', #504, #898, #215, .T. ) ;
#88 = PRESENTATION_LAYER_ASSIGNMENT (  '', '', ( #221 ) ) ;
#89 = ORIENTED_EDGE ( 'NONE', *, *, #1555, .T. ) ;
#90 = UNCERTAINTY_MEASURE_WITH_UNIT (LENGTH_MEASURE( 1.000000000000000082E-05 ), #814, 'distance_accuracy_value', 'NONE');
#91 = CARTESIAN_POINT ( 'NONE',  ( 30.00000000000000000, -38.49999999999997868, 2.090000000000000746 ) ) ;
#92 = FILL_AREA_STYLE_COLOUR ( '', #1386 ) ;
#93 = FILL_AREA_STYLE ('',( #1638 ) ) ;
#94 = VERTEX_POINT ( 'NONE', #490 ) ;
#95 = SURFACE_STYLE_USAGE ( .BOTH. , #682 ) ;
#96 =( NAMED_UNIT ( * ) PLANE_ANGLE_UNIT ( ) SI_UNIT ( $, .RADIAN. ) );
#97 = EDGE_CURVE ( 'NONE', #311, #598, #1355, .T. ) ;
#98 = DIRECTION ( 'NONE',  ( -1.000000000000000000, -0.000000000000000000, -0.000000000000000000 ) ) ;
#99 = EDGE_LOOP ( 'NONE', ( #1488, #1288, #101, #393 ) ) ;
#100 = CARTESIAN_POINT ( 'NONE',  ( -60.35000000000000142, 0.000000000000000000, 0.000000000000000000 ) ) ;
#101 = ORIENTED_EDGE ( 'NONE', *, *, #1756, .F. ) ;
#102 = STYLED_ITEM ( 'NONE', ( #1046 ), #12 ) ;
#103 = ADVANCED_FACE ( 'NONE', ( #1230 ), #477, .F. ) ;
#104 = FACE_OUTER_BOUND ( 'NONE', #514, .T. ) ;
#105 = UNCERTAINTY_MEASURE_WITH_UNIT (LENGTH_MEASURE( 1.000000000000000082E-05 ), #792, 'distance_accuracy_value', 'NONE');
#106 = SURFACE_STYLE_FILL_AREA ( #1660 ) ;
#107 = CARTESIAN_POINT ( 'NONE',  ( 30.00000000000000000, -38.49999999999999289, -0.009999999999999809389 ) ) ;
#108 = ORIENTED_EDGE ( 'NONE', *, *, #744, .F. ) ;
#109 = AXIS2_PLACEMENT_3D ( 'NONE', #266, #1427, #384 ) ;
#110 = MECHANICAL_DESIGN_GEOMETRIC_PRESENTATION_REPRESENTATION (  '', ( #1625 ), #276 ) ;
#111 = CARTESIAN_POINT ( 'NONE',  ( 0.000000000000000000, 6.756708850049371051, -1.909999999999999698 ) ) ;
#112 = MECHANICAL_DESIGN_GEOMETRIC_PRESENTATION_REPRESENTATION (  '', ( #493 ), #1364 ) ;
#113 = VERTEX_POINT ( 'NONE', #1347 ) ;
#114 = VERTEX_POINT ( 'NONE', #1641 ) ;
#115 = SURFACE_SIDE_STYLE ('',( #548 ) ) ;
#116 = ORIENTED_EDGE ( 'NONE', *, *, #919, .F. ) ;
#117 = DIRECTION ( 'NONE',  ( 0.000000000000000000, 0.000000000000000000, 1.000000000000000000 ) ) ;
#118 =( NAMED_UNIT ( * ) SI_UNIT ( $, .STERADIAN. ) SOLID_ANGLE_UNIT ( ) );
#119 = VERTEX_POINT ( 'NONE', #69 ) ;
#120 = LINE ( 'NONE', #1375, #613 ) ;
#121 = FILL_AREA_STYLE_COLOUR ( '', #1385 ) ;
#122 = ORIENTED_EDGE ( 'NONE', *, *, #331, .T. ) ;
#123 = DIRECTION ( 'NONE',  ( 1.000000000000000000, 0.000000000000000000, 0.000000000000000000 ) ) ;
#124 = EDGE_LOOP ( 'NONE', ( #177, #727, #961, #839 ) ) ;
#125 = EDGE_CURVE ( 'NONE', #504, #255, #633, .T. ) ;
#126 = PRESENTATION_STYLE_ASSIGNMENT (( #534 ) ) ;
#127 = SURFACE_STYLE_FILL_AREA ( #570 ) ;
#128 = ORIENTED_EDGE ( 'NONE', *, *, #1317, .F. ) ;
#129 = SURFACE_STYLE_USAGE ( .BOTH. , #967 ) ;
#130 = ORIENTED_EDGE ( 'NONE', *, *, #713, .T. ) ;
#131 =( LENGTH_UNIT ( ) NAMED_UNIT ( * ) SI_UNIT ( .MILLI., .METRE. ) );
#132 = ORIENTED_EDGE ( 'NONE', *, *, #74, .T. ) ;
#133 = MECHANICAL_DESIGN_GEOMETRIC_PRESENTATION_REPRESENTATION (  '', ( #1830 ), #547 ) ;
#134 = VECTOR ( 'NONE', #293, 1000.000000000000000 ) ;
#135 = AXIS2_PLACEMENT_3D ( 'NONE', #1290, #463, #887 ) ;
#136 = PRESENTATION_LAYER_ASSIGNMENT (  '', '', ( #645 ) ) ;
#137 = DIRECTION ( 'NONE',  ( -0.000000000000000000, -0.000000000000000000, -1.000000000000000000 ) ) ;
#138 = SHAPE_DEFINITION_REPRESENTATION ( #436, #5 ) ;
#139 = PRESENTATION_LAYER_ASSIGNMENT (  '', '', ( #493 ) ) ;
#140 = EDGE_CURVE ( 'NONE', #686, #497, #1541, .T. ) ;
#141 =( NAMED_UNIT ( * ) SI_UNIT ( $, .STERADIAN. ) SOLID_ANGLE_UNIT ( ) );
#142 =( LENGTH_UNIT ( ) NAMED_UNIT ( * ) SI_UNIT ( .MILLI., .METRE. ) );
#143 = EDGE_LOOP ( 'NONE', ( #465, #1390, #1814, #1735 ) ) ;
#144 = LINE ( 'NONE', #1417, #275 ) ;
#145 = SURFACE_SIDE_STYLE ('',( #127 ) ) ;
#146 = CARTESIAN_POINT ( 'NONE',  ( -30.00000000000000000, -37.89999999999999147, 2.090000000000000746 ) ) ;
#147 =( LENGTH_UNIT ( ) NAMED_UNIT ( * ) SI_UNIT ( .MILLI., .METRE. ) );
#148 = PRESENTATION_STYLE_ASSIGNMENT (( #1312 ) ) ;
#149 = ORIENTED_EDGE ( 'NONE', *, *, #1733, .T. ) ;
#150 = EDGE_CURVE ( 'NONE', #497, #586, #876, .T. ) ;
#151 = DIRECTION ( 'NONE',  ( 0.000000000000000000, 0.000000000000000000, -1.000000000000000000 ) ) ;
#152 = DIRECTION ( 'NONE',  ( 0.000000000000000000, 0.000000000000000000, 1.000000000000000000 ) ) ;
#153 = ORIENTED_EDGE ( 'NONE', *, *, #1802, .T. ) ;
#154 = EDGE_CURVE ( 'NONE', #1168, #197, #1001, .T. ) ;
#155 = FACE_OUTER_BOUND ( 'NONE', #667, .T. ) ;
#156 = STYLED_ITEM ( 'NONE', ( #306 ), #18 ) ;
#157 = FACE_OUTER_BOUND ( 'NONE', #1267, .T. ) ;
#158 = PRODUCT ( 'RVT50HQBNWN00', 'RVT50HQBNWN00', '', ( #1699 ) ) ;
#159 = CARTESIAN_POINT ( 'NONE',  ( 57.50000000000000000, 5.900000000000002132, 0.000000000000000000 ) ) ;
#160 = EDGE_LOOP ( 'NONE', ( #637, #224, #130, #1562 ) ) ;
#161 = PRESENTATION_STYLE_ASSIGNMENT (( #587 ) ) ;
#162 = PRESENTATION_STYLE_ASSIGNMENT (( #40 ) ) ;
#163 =( GEOMETRIC_REPRESENTATION_CONTEXT ( 3 ) GLOBAL_UNCERTAINTY_ASSIGNED_CONTEXT ( ( #315 ) ) GLOBAL_UNIT_ASSIGNED_CONTEXT ( ( #807, #1688, #1515 ) ) REPRESENTATION_CONTEXT ( 'NONE', 'WORKASPACE' ) );
#164 = COLOUR_RGB ( '',0.7450980392156862919, 0.4901960784313725283, 0.3333333333333333148 ) ;
#165 = ADVANCED_FACE ( 'NONE', ( #17 ), #1476, .T. ) ;
#166 =( NAMED_UNIT ( * ) PLANE_ANGLE_UNIT ( ) SI_UNIT ( $, .RADIAN. ) );
#167 = DIRECTION ( 'NONE',  ( 1.000000000000000000, 2.141633920959021494E-16, -0.000000000000000000 ) ) ;
#168 = VERTEX_POINT ( 'NONE', #1212 ) ;
#169 = CARTESIAN_POINT ( 'NONE',  ( -30.00000000000000000, -38.49999999999997868, -1.909999999999999698 ) ) ;
#170 = CARTESIAN_POINT ( 'NONE',  ( -30.00000000000000000, -37.89999999999999147, 1.090000000000000524 ) ) ;
#171 = FILL_AREA_STYLE_COLOUR ( '', #884 ) ;
#172 = UNCERTAINTY_MEASURE_WITH_UNIT (LENGTH_MEASURE( 1.000000000000000082E-05 ), #1289, 'distance_accuracy_value', 'NONE');
#173 =( NAMED_UNIT ( * ) SI_UNIT ( $, .STERADIAN. ) SOLID_ANGLE_UNIT ( ) );
#174 = ADVANCED_FACE ( 'NONE', ( #1083 ), #1199, .F. ) ;
#175 =( NAMED_UNIT ( * ) SI_UNIT ( $, .STERADIAN. ) SOLID_ANGLE_UNIT ( ) );
#176 = DIRECTION ( 'NONE',  ( 1.000000000000000000, 0.000000000000000000, 0.000000000000000000 ) ) ;
#177 = ORIENTED_EDGE ( 'NONE', *, *, #1483, .T. ) ;
#178 = CARTESIAN_POINT ( 'NONE',  ( 0.000000000000000000, 0.000000000000000000, 3.180000000000000160 ) ) ;
#179 = DIRECTION ( 'NONE',  ( 0.000000000000000000, -0.000000000000000000, 1.000000000000000000 ) ) ;
#180 = LINE ( 'NONE', #491, #706 ) ;
#181 = CARTESIAN_POINT ( 'NONE',  ( 57.50000000000000000, 37.90000000000000568, -5.339999999999998970 ) ) ;
#182 = DIRECTION ( 'NONE',  ( 1.000000000000000000, 0.000000000000000000, 0.000000000000000000 ) ) ;
#183 = MECHANICAL_DESIGN_GEOMETRIC_PRESENTATION_REPRESENTATION (  '', ( #102 ), #1299 ) ;
#184 =( NAMED_UNIT ( * ) SI_UNIT ( $, .STERADIAN. ) SOLID_ANGLE_UNIT ( ) );
#185 = COLOUR_RGB ( '',0.7450980392156862919, 0.4901960784313725283, 0.3333333333333333148 ) ;
#186 = VECTOR ( 'NONE', #217, 1000.000000000000000 ) ;
#187 = PRESENTATION_STYLE_ASSIGNMENT (( #1734 ) ) ;
#188 = ORIENTED_EDGE ( 'NONE', *, *, #279, .T. ) ;
#189 = PLANE ( 'NONE',  #86 ) ;
#190 = PLANE ( 'NONE',  #1060 ) ;
#191 = DIRECTION ( 'NONE',  ( -1.000000000000000000, -0.000000000000000000, -0.000000000000000000 ) ) ;
#192 = STYLED_ITEM ( 'NONE', ( #1572 ), #991 ) ;
#193 = DIRECTION ( 'NONE',  ( 1.000000000000000000, 0.000000000000000000, 0.000000000000000000 ) ) ;
#194 =( GEOMETRIC_REPRESENTATION_CONTEXT ( 3 ) GLOBAL_UNCERTAINTY_ASSIGNED_CONTEXT ( ( #802 ) ) GLOBAL_UNIT_ASSIGNED_CONTEXT ( ( #781, #1753, #184 ) ) REPRESENTATION_CONTEXT ( 'NONE', 'WORKASPACE' ) );
#195 = SURFACE_STYLE_FILL_AREA ( #1643 ) ;
#196 = DIRECTION ( 'NONE',  ( 5.748876473825375650E-17, 1.000000000000000000, -0.000000000000000000 ) ) ;
#197 = VERTEX_POINT ( 'NONE', #1456 ) ;
#198 = DIRECTION ( 'NONE',  ( 1.000000000000000000, 0.000000000000000000, 0.000000000000000000 ) ) ;
#199 = LINE ( 'NONE', #1187, #1172 ) ;
#200 = DIRECTION ( 'NONE',  ( 1.000000000000000000, 0.000000000000000000, 0.000000000000000000 ) ) ;
#201 = ADVANCED_FACE ( 'NONE', ( #616 ), #1047, .T. ) ;
#202 = CARTESIAN_POINT ( 'NONE',  ( 57.50000000000000000, 5.900000000000002132, -5.339999999999998970 ) ) ;
#203 = PLANE ( 'NONE',  #609 ) ;
#204 = ORIENTED_EDGE ( 'NONE', *, *, #600, .F. ) ;
#205 = CARTESIAN_POINT ( 'NONE',  ( -57.50000000000000000, 5.900000000000002132, -5.339999999999998970 ) ) ;
#206 = CARTESIAN_POINT ( 'NONE',  ( -30.00000000000000000, -37.89999999999999147, 1.590000000000000524 ) ) ;
#207 = PLANE ( 'NONE',  #80 ) ;
#208 = UNCERTAINTY_MEASURE_WITH_UNIT (LENGTH_MEASURE( 1.000000000000000082E-05 ), #669, 'distance_accuracy_value', 'NONE');
#209 = EDGE_CURVE ( 'NONE', #113, #1779, #920, .T. ) ;
#210 = ORIENTED_EDGE ( 'NONE', *, *, #1251, .F. ) ;
#211 = PRESENTATION_LAYER_ASSIGNMENT (  '', '', ( #575 ) ) ;
#212 = CARTESIAN_POINT ( 'NONE',  ( -54.00000000000000711, 32.39999999999999858, 3.180000000000000160 ) ) ;
#213 = VECTOR ( 'NONE', #1412, 1000.000000000000000 ) ;
#214 = STYLED_ITEM ( 'NONE', ( #1706 ), #1381 ) ;
#215 = LINE ( 'NONE', #1792, #1800 ) ;
#216 = PLANE ( 'NONE',  #423 ) ;
#217 = DIRECTION ( 'NONE',  ( -0.000000000000000000, -0.000000000000000000, -1.000000000000000000 ) ) ;
#218 = VECTOR ( 'NONE', #117, 1000.000000000000000 ) ;
#219 = COLOUR_RGB ( '',0.8431372549019607865, 0.8431372549019607865, 0.8431372549019607865 ) ;
#220 = VECTOR ( 'NONE', #1118, 1000.000000000000000 ) ;
#221 = STYLED_ITEM ( 'NONE', ( #736 ), #1145 ) ;
#222 = EDGE_CURVE ( 'NONE', #94, #311, #180, .T. ) ;
#223 = SURFACE_STYLE_USAGE ( .BOTH. , #1377 ) ;
#224 = ORIENTED_EDGE ( 'NONE', *, *, #50, .F. ) ;
#225 = DIRECTION ( 'NONE',  ( 1.000000000000000000, 0.000000000000000000, 0.000000000000000000 ) ) ;
#226 = UNCERTAINTY_MEASURE_WITH_UNIT (LENGTH_MEASURE( 1.000000000000000082E-05 ), #1138, 'distance_accuracy_value', 'NONE');
#227 = FILL_AREA_STYLE_COLOUR ( '', #219 ) ;
#228 = EDGE_CURVE ( 'NONE', #1841, #350, #1124, .T. ) ;
#229 = ORIENTED_EDGE ( 'NONE', *, *, #882, .F. ) ;
#230 = SURFACE_STYLE_USAGE ( .BOTH. , #1500 ) ;
#231 = CARTESIAN_POINT ( 'NONE',  ( -30.00000000000000000, -38.49999999999998579, 1.089999999999999858 ) ) ;
#232 = EDGE_LOOP ( 'NONE', ( #204, #273, #72, #1553 ) ) ;
#233 = SURFACE_STYLE_FILL_AREA ( #962 ) ;
#234 = SURFACE_SIDE_STYLE ('',( #963 ) ) ;
#235 = ORIENTED_EDGE ( 'NONE', *, *, #154, .F. ) ;
#236 =( NAMED_UNIT ( * ) PLANE_ANGLE_UNIT ( ) SI_UNIT ( $, .RADIAN. ) );
#237 = SURFACE_STYLE_FILL_AREA ( #389 ) ;
#238 = AXIS2_PLACEMENT_3D ( 'NONE', #1256, #1111, #1400 ) ;
#239 = SURFACE_STYLE_USAGE ( .BOTH. , #1368 ) ;
#240 = ORIENTED_EDGE ( 'NONE', *, *, #1619, .F. ) ;
#241 = PLANE ( 'NONE',  #394 ) ;
#242 = EDGE_CURVE ( 'NONE', #1519, #1697, #1783, .T. ) ;
#243 =( NAMED_UNIT ( * ) SI_UNIT ( $, .STERADIAN. ) SOLID_ANGLE_UNIT ( ) );
#244 = MECHANICAL_DESIGN_GEOMETRIC_PRESENTATION_REPRESENTATION (  '', ( #448 ), #1180 ) ;
#245 = COLOUR_RGB ( '',0.7450980392156862919, 0.4901960784313725283, 0.3333333333333333148 ) ;
#246 = ORIENTED_EDGE ( 'NONE', *, *, #1542, .F. ) ;
#247 =( GEOMETRIC_REPRESENTATION_CONTEXT ( 3 ) GLOBAL_UNCERTAINTY_ASSIGNED_CONTEXT ( ( #1816 ) ) GLOBAL_UNIT_ASSIGNED_CONTEXT ( ( #835, #1822, #395 ) ) REPRESENTATION_CONTEXT ( 'NONE', 'WORKASPACE' ) );
#248 = VECTOR ( 'NONE', #1813, 1000.000000000000000 ) ;
#249 =( GEOMETRIC_REPRESENTATION_CONTEXT ( 3 ) GLOBAL_UNCERTAINTY_ASSIGNED_CONTEXT ( ( #1464 ) ) GLOBAL_UNIT_ASSIGNED_CONTEXT ( ( #1806, #819, #1114 ) ) REPRESENTATION_CONTEXT ( 'NONE', 'WORKASPACE' ) );
#250 = FACE_OUTER_BOUND ( 'NONE', #783, .T. ) ;
#251 = CIRCLE ( 'NONE', #1310, 3.000000000000000000 ) ;
#252 = ORIENTED_EDGE ( 'NONE', *, *, #560, .T. ) ;
#253 = DIRECTION ( 'NONE',  ( 0.000000000000000000, -1.000000000000000000, 0.000000000000000000 ) ) ;
#254 = ADVANCED_FACE ( 'NONE', ( #624 ), #207, .F. ) ;
#255 = VERTEX_POINT ( 'NONE', #1379 ) ;
#256 = UNCERTAINTY_MEASURE_WITH_UNIT (LENGTH_MEASURE( 1.000000000000000082E-05 ), #597, 'distance_accuracy_value', 'NONE');
#257 = FILL_AREA_STYLE ('',( #1695 ) ) ;
#258 = ORIENTED_EDGE ( 'NONE', *, *, #955, .T. ) ;
#259 = FILL_AREA_STYLE ('',( #712 ) ) ;
#260 =( NAMED_UNIT ( * ) SI_UNIT ( $, .STERADIAN. ) SOLID_ANGLE_UNIT ( ) );
#261 = CARTESIAN_POINT ( 'NONE',  ( 30.00000000000000000, -39.39999999999999147, 0.1899999999999947009 ) ) ;
#262 = ORIENTED_EDGE ( 'NONE', *, *, #744, .T. ) ;
#263 = FACE_OUTER_BOUND ( 'NONE', #1161, .T. ) ;
#264 = ORIENTED_EDGE ( 'NONE', *, *, #308, .F. ) ;
#265 = EDGE_CURVE ( 'NONE', #1579, #992, #1376, .T. ) ;
#266 = CARTESIAN_POINT ( 'NONE',  ( 30.00000000000000000, -38.49999999999999289, 0.1900000000000009459 ) ) ;
#267 = DIRECTION ( 'NONE',  ( 2.141633920959021001E-16, -1.000000000000000000, 0.000000000000000000 ) ) ;
#268 = EDGE_CURVE ( 'NONE', #168, #1521, #950, .T. ) ;
#269 = COLOUR_RGB ( '',0.7450980392156862919, 0.4901960784313725283, 0.3333333333333333148 ) ;
#270 = DIRECTION ( 'NONE',  ( -0.000000000000000000, -0.000000000000000000, -1.000000000000000000 ) ) ;
#271 = DIRECTION ( 'NONE',  ( 1.000000000000000000, 0.000000000000000000, 0.000000000000000000 ) ) ;
#272 = CARTESIAN_POINT ( 'NONE',  ( -57.50000000000000000, 37.90000000000000568, -5.339999999999998970 ) ) ;
#273 = ORIENTED_EDGE ( 'NONE', *, *, #279, .F. ) ;
#274 = AXIS2_PLACEMENT_3D ( 'NONE', #42, #634, #930 ) ;
#275 = VECTOR ( 'NONE', #1534, 1000.000000000000000 ) ;
#276 =( GEOMETRIC_REPRESENTATION_CONTEXT ( 3 ) GLOBAL_UNCERTAINTY_ASSIGNED_CONTEXT ( ( #105 ) ) GLOBAL_UNIT_ASSIGNED_CONTEXT ( ( #792, #811, #805 ) ) REPRESENTATION_CONTEXT ( 'NONE', 'WORKASPACE' ) );
#277 = CARTESIAN_POINT ( 'NONE',  ( 53.99999999999999289, 32.39999999999999858, 3.180000000000000160 ) ) ;
#278 = COLOUR_RGB ( '',0.8431372549019607865, 0.8431372549019607865, 0.8431372549019607865 ) ;
#279 = EDGE_CURVE ( 'NONE', #119, #1374, #1401, .T. ) ;
#280 = FILL_AREA_STYLE_COLOUR ( '', #918 ) ;
#281 = AXIS2_PLACEMENT_3D ( 'NONE', #1623, #1780, #599 ) ;
#282 = DIRECTION ( 'NONE',  ( 1.000000000000000000, 0.000000000000000000, 0.000000000000000000 ) ) ;
#283 = SURFACE_STYLE_FILL_AREA ( #1170 ) ;
#284 = SURFACE_STYLE_USAGE ( .BOTH. , #1164 ) ;
#285 = LINE ( 'NONE', #1565, #763 ) ;
#286 = ADVANCED_FACE ( 'NONE', ( #104 ), #216, .F. ) ;
#287 = CYLINDRICAL_SURFACE ( 'NONE', #606, 2.999999999999999112 ) ;
#288 = VERTEX_POINT ( 'NONE', #1667 ) ;
#289 = CARTESIAN_POINT ( 'NONE',  ( -30.00000000000000000, -9.899999999999995026, -1.909999999999999698 ) ) ;
#290 = FILL_AREA_STYLE_COLOUR ( '', #636 ) ;
#291 = VERTEX_POINT ( 'NONE', #1257 ) ;
#292 = PRESENTATION_STYLE_ASSIGNMENT (( #862 ) ) ;
#293 = DIRECTION ( 'NONE',  ( 0.000000000000000000, 0.000000000000000000, -1.000000000000000000 ) ) ;
#294 = ORIENTED_EDGE ( 'NONE', *, *, #444, .F. ) ;
#295 = DIRECTION ( 'NONE',  ( 0.000000000000000000, 0.000000000000000000, -1.000000000000000000 ) ) ;
#296 = DIRECTION ( 'NONE',  ( 2.141633920959021001E-16, -1.000000000000000000, 0.000000000000000000 ) ) ;
#297 = PRESENTATION_LAYER_ASSIGNMENT (  '', '', ( #971 ) ) ;
#298 = VECTOR ( 'NONE', #1761, 1000.000000000000000 ) ;
#299 =( NAMED_UNIT ( * ) PLANE_ANGLE_UNIT ( ) SI_UNIT ( $, .RADIAN. ) );
#300 = STYLED_ITEM ( 'NONE', ( #362 ), #254 ) ;
#301 = FILL_AREA_STYLE ('',( #1319 ) ) ;
#302 = AXIS2_PLACEMENT_3D ( 'NONE', #1654, #182, #501 ) ;
#303 = ORIENTED_EDGE ( 'NONE', *, *, #401, .F. ) ;
#304 = FACE_OUTER_BOUND ( 'NONE', #752, .T. ) ;
#305 = DIRECTION ( 'NONE',  ( -1.000000000000000000, 0.000000000000000000, 0.000000000000000000 ) ) ;
#306 = PRESENTATION_STYLE_ASSIGNMENT (( #576 ) ) ;
#307 = AXIS2_PLACEMENT_3D ( 'NONE', #1698, #409, #995 ) ;
#308 = EDGE_CURVE ( 'NONE', #1759, #572, #381, .T. ) ;
#309 = LINE ( 'NONE', #43, #485 ) ;
#310 = DIRECTION ( 'NONE',  ( -0.000000000000000000, -0.000000000000000000, -1.000000000000000000 ) ) ;
#311 = VERTEX_POINT ( 'NONE', #538 ) ;
#312 = SURFACE_STYLE_USAGE ( .BOTH. , #776 ) ;
#313 =( NAMED_UNIT ( * ) SI_UNIT ( $, .STERADIAN. ) SOLID_ANGLE_UNIT ( ) );
#314 = VERTEX_POINT ( 'NONE', #1793 ) ;
#315 = UNCERTAINTY_MEASURE_WITH_UNIT (LENGTH_MEASURE( 1.000000000000000082E-05 ), #807, 'distance_accuracy_value', 'NONE');
#316 = CYLINDRICAL_SURFACE ( 'NONE', #1717, 0.8999999999999991340 ) ;
#317 =( NAMED_UNIT ( * ) PLANE_ANGLE_UNIT ( ) SI_UNIT ( $, .RADIAN. ) );
#318 = CARTESIAN_POINT ( 'NONE',  ( -57.50000000000000000, 37.90000000000000568, 0.000000000000000000 ) ) ;
#319 = FACE_OUTER_BOUND ( 'NONE', #522, .T. ) ;
#320 = CARTESIAN_POINT ( 'NONE',  ( 30.00000000000000000, -40.39999999999999147, -0.009999999999989617888 ) ) ;
#321 = ORIENTED_EDGE ( 'NONE', *, *, #1157, .F. ) ;
#322 =( NAMED_UNIT ( * ) SI_UNIT ( $, .STERADIAN. ) SOLID_ANGLE_UNIT ( ) );
#323 = PRESENTATION_STYLE_ASSIGNMENT (( #466 ) ) ;
#324 = FILL_AREA_STYLE_COLOUR ( '', #1003 ) ;
#325 = CARTESIAN_POINT ( 'NONE',  ( 53.99999999999999289, 32.39999999999999858, 3.180000000000000160 ) ) ;
#326 =( LENGTH_UNIT ( ) NAMED_UNIT ( * ) SI_UNIT ( .MILLI., .METRE. ) );
#327 = AXIS2_PLACEMENT_3D ( 'NONE', #1346, #352, #179 ) ;
#328 = STYLED_ITEM ( 'NONE', ( #1058 ), #1815 ) ;
#329 =( GEOMETRIC_REPRESENTATION_CONTEXT ( 3 ) GLOBAL_UNCERTAINTY_ASSIGNED_CONTEXT ( ( #90 ) ) GLOBAL_UNIT_ASSIGNED_CONTEXT ( ( #814, #1540, #844 ) ) REPRESENTATION_CONTEXT ( 'NONE', 'WORKASPACE' ) );
#330 =( GEOMETRIC_REPRESENTATION_CONTEXT ( 3 ) GLOBAL_UNCERTAINTY_ASSIGNED_CONTEXT ( ( #1778 ) ) GLOBAL_UNIT_ASSIGNED_CONTEXT ( ( #1747, #1773, #900 ) ) REPRESENTATION_CONTEXT ( 'NONE', 'WORKASPACE' ) );
#331 = EDGE_CURVE ( 'NONE', #1519, #314, #1119, .T. ) ;
#332 = VECTOR ( 'NONE', #1193, 1000.000000000000000 ) ;
#333 = ORIENTED_EDGE ( 'NONE', *, *, #426, .T. ) ;
#334 = MECHANICAL_DESIGN_GEOMETRIC_PRESENTATION_REPRESENTATION (  '', ( #16 ), #83 ) ;
#335 = MECHANICAL_DESIGN_GEOMETRIC_PRESENTATION_REPRESENTATION (  '', ( #1448 ), #249 ) ;
#336 = PRESENTATION_LAYER_ASSIGNMENT (  '', '', ( #1721 ) ) ;
#337 = STYLED_ITEM ( 'NONE', ( #1195 ), #1035 ) ;
#338 = CARTESIAN_POINT ( 'NONE',  ( -53.99999999999999289, -32.39999999999999858, 3.180000000000000160 ) ) ;
#339 = STYLED_ITEM ( 'NONE', ( #292 ), #1229 ) ;
#340 = CARTESIAN_POINT ( 'NONE',  ( 0.000000000000000000, 32.39999999999999858, 3.180000000000000160 ) ) ;
#341 = DIRECTION ( 'NONE',  ( -1.000000000000000000, 5.748876473825375650E-17, 0.000000000000000000 ) ) ;
#342 = ORIENTED_EDGE ( 'NONE', *, *, #1802, .F. ) ;
#343 = FILL_AREA_STYLE ('',( #488 ) ) ;
#344 = EDGE_CURVE ( 'NONE', #539, #702, #402, .T. ) ;
#345 = DIRECTION ( 'NONE',  ( 1.000000000000000000, -5.748876473825375650E-17, 0.000000000000000000 ) ) ;
#346 = SURFACE_STYLE_FILL_AREA ( #1615 ) ;
#347 = LINE ( 'NONE', #952, #1037 ) ;
#348 = FILL_AREA_STYLE ('',( #628 ) ) ;
#349 = SURFACE_SIDE_STYLE ('',( #1094 ) ) ;
#350 = VERTEX_POINT ( 'NONE', #261 ) ;
#351 = DIRECTION ( 'NONE',  ( -0.000000000000000000, 0.000000000000000000, 1.000000000000000000 ) ) ;
#352 = DIRECTION ( 'NONE',  ( -0.000000000000000000, 1.000000000000000000, 0.000000000000000000 ) ) ;
#353 = APPLICATION_CONTEXT ( 'automotive_design' ) ;
#354 = EDGE_CURVE ( 'NONE', #1005, #1779, #1004, .T. ) ;
#355 =( NAMED_UNIT ( * ) SI_UNIT ( $, .STERADIAN. ) SOLID_ANGLE_UNIT ( ) );
#356 = CARTESIAN_POINT ( 'NONE',  ( 0.000000000000000000, -9.899999999999995026, -1.909999999999999698 ) ) ;
#357 = CARTESIAN_POINT ( 'NONE',  ( 30.00000000000000000, -37.89999999999999147, 1.590000000000000524 ) ) ;
#358 =( GEOMETRIC_REPRESENTATION_CONTEXT ( 3 ) GLOBAL_UNCERTAINTY_ASSIGNED_CONTEXT ( ( #1668 ) ) GLOBAL_UNIT_ASSIGNED_CONTEXT ( ( #1836, #537, #1411 ) ) REPRESENTATION_CONTEXT ( 'NONE', 'WORKASPACE' ) );
#359 = EDGE_LOOP ( 'NONE', ( #1050, #487, #654, #408 ) ) ;
#360 = AXIS2_PLACEMENT_3D ( 'NONE', #36, #11, #1599 ) ;
#361 =( LENGTH_UNIT ( ) NAMED_UNIT ( * ) SI_UNIT ( .MILLI., .METRE. ) );
#362 = PRESENTATION_STYLE_ASSIGNMENT (( #230 ) ) ;
#363 = CARTESIAN_POINT ( 'NONE',  ( 57.50000000000000000, 37.90000000000000568, 0.000000000000000000 ) ) ;
#364 =( NAMED_UNIT ( * ) SI_UNIT ( $, .STERADIAN. ) SOLID_ANGLE_UNIT ( ) );
#365 = VECTOR ( 'NONE', #725, 1000.000000000000000 ) ;
#366 = EDGE_LOOP ( 'NONE', ( #1797, #1402, #1117, #333 ) ) ;
#367 = STYLED_ITEM ( 'NONE', ( #57 ), #849 ) ;
#368 = CARTESIAN_POINT ( 'NONE',  ( 53.99999999999999289, 0.000000000000000000, 3.180000000000000160 ) ) ;
#369 = EDGE_CURVE ( 'NONE', #255, #557, #9, .T. ) ;
#370 = DIRECTION ( 'NONE',  ( 0.000000000000000000, 1.000000000000000000, 0.000000000000000000 ) ) ;
#371 = ORIENTED_EDGE ( 'NONE', *, *, #964, .F. ) ;
#372 = UNCERTAINTY_MEASURE_WITH_UNIT (LENGTH_MEASURE( 1.000000000000000082E-05 ), #512, 'distance_accuracy_value', 'NONE');
#373 = CARTESIAN_POINT ( 'NONE',  ( -53.99999999999999289, -32.39999999999999858, 0.000000000000000000 ) ) ;
#374 = CARTESIAN_POINT ( 'NONE',  ( 0.000000000000000000, 32.39999999999999858, 3.180000000000000160 ) ) ;
#375 = ORIENTED_EDGE ( 'NONE', *, *, #560, .F. ) ;
#376 = CYLINDRICAL_SURFACE ( 'NONE', #1423, 1.899999999999999023 ) ;
#377 = SURFACE_SIDE_STYLE ('',( #1260 ) ) ;
#378 = VERTEX_POINT ( 'NONE', #988 ) ;
#379 = DIRECTION ( 'NONE',  ( -2.141633920959021494E-16, 1.000000000000000000, 0.000000000000000000 ) ) ;
#380 = APPLICATION_PROTOCOL_DEFINITION ( 'draft international standard', 'automotive_design', 1998, #353 ) ;
#381 = LINE ( 'NONE', #979, #1652 ) ;
#382 = DIRECTION ( 'NONE',  ( 1.000000000000000000, 0.000000000000000000, 0.000000000000000000 ) ) ;
#383 = ORIENTED_EDGE ( 'NONE', *, *, #1237, .T. ) ;
#384 = DIRECTION ( 'NONE',  ( 0.000000000000000000, 0.000000000000000000, -1.000000000000000000 ) ) ;
#385 = FILL_AREA_STYLE ('',( #1808 ) ) ;
#386 = AXIS2_PLACEMENT_3D ( 'NONE', #1315, #593, #893 ) ;
#387 = ORIENTED_EDGE ( 'NONE', *, *, #228, .F. ) ;
#388 = FILL_AREA_STYLE_COLOUR ( '', #1156 ) ;
#389 = FILL_AREA_STYLE ('',( #121 ) ) ;
#390 = EDGE_CURVE ( 'NONE', #474, #378, #738, .T. ) ;
#391 = MECHANICAL_DESIGN_GEOMETRIC_PRESENTATION_REPRESENTATION (  '', ( #729 ), #1650 ) ;
#392 = DIRECTION ( 'NONE',  ( 0.000000000000000000, 0.000000000000000000, -1.000000000000000000 ) ) ;
#393 = ORIENTED_EDGE ( 'NONE', *, *, #265, .T. ) ;
#394 = AXIS2_PLACEMENT_3D ( 'NONE', #1580, #1162, #271 ) ;
#395 =( NAMED_UNIT ( * ) SI_UNIT ( $, .STERADIAN. ) SOLID_ANGLE_UNIT ( ) );
#396 = VECTOR ( 'NONE', #1228, 1000.000000000000000 ) ;
#397 = DIRECTION ( 'NONE',  ( 0.000000000000000000, 0.000000000000000000, -1.000000000000000000 ) ) ;
#398 = MECHANICAL_DESIGN_GEOMETRIC_PRESENTATION_REPRESENTATION (  '', ( #1248 ), #1351 ) ;
#399 = ORIENTED_EDGE ( 'NONE', *, *, #826, .F. ) ;
#400 = CARTESIAN_POINT ( 'NONE',  ( -53.99999999999999289, -32.39999999999999858, 3.180000000000000160 ) ) ;
#401 = EDGE_CURVE ( 'NONE', #1766, #197, #704, .T. ) ;
#402 = LINE ( 'NONE', #1570, #1831 ) ;
#403 = ORIENTED_EDGE ( 'NONE', *, *, #1777, .F. ) ;
#404 = DIRECTION ( 'NONE',  ( 1.000000000000000000, 0.000000000000000000, 0.000000000000000000 ) ) ;
#405 = ORIENTED_EDGE ( 'NONE', *, *, #815, .T. ) ;
#406 =( LENGTH_UNIT ( ) NAMED_UNIT ( * ) SI_UNIT ( .MILLI., .METRE. ) );
#407 = FILL_AREA_STYLE ('',( #1713 ) ) ;
#408 = ORIENTED_EDGE ( 'NONE', *, *, #28, .T. ) ;
#409 = DIRECTION ( 'NONE',  ( 1.000000000000000000, 0.000000000000000000, 0.000000000000000000 ) ) ;
#410 = PLANE ( 'NONE',  #1010 ) ;
#411 = ORIENTED_EDGE ( 'NONE', *, *, #97, .F. ) ;
#412 = CARTESIAN_POINT ( 'NONE',  ( -30.00000000000000000, -38.49999999999999289, 0.1900000000000009459 ) ) ;
#413 = EDGE_CURVE ( 'NONE', #934, #1779, #1143, .T. ) ;
#414 = LINE ( 'NONE', #993, #607 ) ;
#415 =( LENGTH_UNIT ( ) NAMED_UNIT ( * ) SI_UNIT ( .MILLI., .METRE. ) );
#416 = SURFACE_SIDE_STYLE ('',( #1142 ) ) ;
#417 =( GEOMETRIC_REPRESENTATION_CONTEXT ( 3 ) GLOBAL_UNCERTAINTY_ASSIGNED_CONTEXT ( ( #1801 ) ) GLOBAL_UNIT_ASSIGNED_CONTEXT ( ( #1432, #1573, #459 ) ) REPRESENTATION_CONTEXT ( 'NONE', 'WORKASPACE' ) );
#418 = CARTESIAN_POINT ( 'NONE',  ( -30.00000000000000000, -39.39999999999999147, -0.009999999999993250399 ) ) ;
#419 =( NAMED_UNIT ( * ) SI_UNIT ( $, .STERADIAN. ) SOLID_ANGLE_UNIT ( ) );
#420 =( NAMED_UNIT ( * ) PLANE_ANGLE_UNIT ( ) SI_UNIT ( $, .RADIAN. ) );
#421 = VECTOR ( 'NONE', #623, 1000.000000000000000 ) ;
#422 = VERTEX_POINT ( 'NONE', #32 ) ;
#423 = AXIS2_PLACEMENT_3D ( 'NONE', #959, #1516, #1231 ) ;
#424 = COLOUR_RGB ( '',0.7450980392156862919, 0.4901960784313725283, 0.3333333333333333148 ) ;
#425 =( GEOMETRIC_REPRESENTATION_CONTEXT ( 3 ) GLOBAL_UNCERTAINTY_ASSIGNED_CONTEXT ( ( #756 ) ) GLOBAL_UNIT_ASSIGNED_CONTEXT ( ( #556, #851, #1418 ) ) REPRESENTATION_CONTEXT ( 'NONE', 'WORKASPACE' ) );
#426 = EDGE_CURVE ( 'NONE', #1398, #1521, #558, .T. ) ;
#427 = PRESENTATION_STYLE_ASSIGNMENT (( #1712 ) ) ;
#428 = MECHANICAL_DESIGN_GEOMETRIC_PRESENTATION_REPRESENTATION (  '', ( #367 ), #1834 ) ;
#429 = MECHANICAL_DESIGN_GEOMETRIC_PRESENTATION_REPRESENTATION (  '', ( #26 ), #646 ) ;
#430 = PLANE ( 'NONE',  #1752 ) ;
#431 = ORIENTED_EDGE ( 'NONE', *, *, #1555, .F. ) ;
#432 = SURFACE_STYLE_FILL_AREA ( #854 ) ;
#433 = CARTESIAN_POINT ( 'NONE',  ( -54.00000000000000000, -1.156482317317871291E-14, 3.180000000000000160 ) ) ;
#434 = SURFACE_STYLE_FILL_AREA ( #1457 ) ;
#435 = LINE ( 'NONE', #3, #737 ) ;
#436 = PRODUCT_DEFINITION_SHAPE ( 'NONE', 'NONE',  #1495 ) ;
#437 = EDGE_CURVE ( 'NONE', #1697, #747, #720, .T. ) ;
#438 = DIRECTION ( 'NONE',  ( 1.000000000000000000, 0.000000000000000000, 0.000000000000000000 ) ) ;
#439 = ORIENTED_EDGE ( 'NONE', *, *, #653, .F. ) ;
#440 = SURFACE_STYLE_FILL_AREA ( #722 ) ;
#441 = LINE ( 'NONE', #41, #759 ) ;
#442 = LINE ( 'NONE', #6, #1656 ) ;
#443 = ORIENTED_EDGE ( 'NONE', *, *, #1317, .T. ) ;
#444 = EDGE_CURVE ( 'NONE', #314, #1579, #1578, .T. ) ;
#445 = SURFACE_STYLE_USAGE ( .BOTH. , #1045 ) ;
#446 = STYLED_ITEM ( 'NONE', ( #323 ), #1794 ) ;
#447 = MECHANICAL_DESIGN_GEOMETRIC_PRESENTATION_REPRESENTATION (  '', ( #575 ), #1502 ) ;
#448 = STYLED_ITEM ( 'NONE', ( #148 ), #482 ) ;
#449 = VECTOR ( 'NONE', #1501, 1000.000000000000000 ) ;
#450 =( GEOMETRIC_REPRESENTATION_CONTEXT ( 3 ) GLOBAL_UNCERTAINTY_ASSIGNED_CONTEXT ( ( #1704 ) ) GLOBAL_UNIT_ASSIGNED_CONTEXT ( ( #990, #705, #243 ) ) REPRESENTATION_CONTEXT ( 'NONE', 'WORKASPACE' ) );
#451 = CARTESIAN_POINT ( 'NONE',  ( 0.000000000000000000, 6.756708850049371051, -0.9099999999999995870 ) ) ;
#452 = AXIS2_PLACEMENT_3D ( 'NONE', #1459, #176, #47 ) ;
#453 = CARTESIAN_POINT ( 'NONE',  ( -30.00000000000000000, -38.49999999999999289, -0.009999999999999809389 ) ) ;
#454 = CIRCLE ( 'NONE', #915, 1.899999999999999023 ) ;
#455 = MECHANICAL_DESIGN_GEOMETRIC_PRESENTATION_REPRESENTATION (  '', ( #1537 ), #709 ) ;
#456 = LINE ( 'NONE', #1070, #886 ) ;
#457 = ORIENTED_EDGE ( 'NONE', *, *, #354, .T. ) ;
#458 =( LENGTH_UNIT ( ) NAMED_UNIT ( * ) SI_UNIT ( .MILLI., .METRE. ) );
#459 =( NAMED_UNIT ( * ) SI_UNIT ( $, .STERADIAN. ) SOLID_ANGLE_UNIT ( ) );
#460 = VECTOR ( 'NONE', #475, 1000.000000000000000 ) ;
#461 = FILL_AREA_STYLE_COLOUR ( '', #975 ) ;
#462 = PRESENTATION_LAYER_ASSIGNMENT (  '', '', ( #834 ) ) ;
#463 = DIRECTION ( 'NONE',  ( 0.000000000000000000, -1.000000000000000000, 0.000000000000000000 ) ) ;
#464 = DIRECTION ( 'NONE',  ( 0.000000000000000000, 0.000000000000000000, -1.000000000000000000 ) ) ;
#465 = ORIENTED_EDGE ( 'NONE', *, *, #743, .T. ) ;
#466 = SURFACE_STYLE_USAGE ( .BOTH. , #1607 ) ;
#467 = DIRECTION ( 'NONE',  ( 0.000000000000000000, -0.000000000000000000, 1.000000000000000000 ) ) ;
#468 = PRODUCT_DEFINITION_CONTEXT ( 'detailed design', #565, 'design' ) ;
#469 = CARTESIAN_POINT ( 'NONE',  ( -30.00000000000000000, -39.39999999999999147, 0.1899999999999912315 ) ) ;
#470 =( LENGTH_UNIT ( ) NAMED_UNIT ( * ) SI_UNIT ( .MILLI., .METRE. ) );
#471 = EDGE_CURVE ( 'NONE', #314, #747, #1549, .T. ) ;
#472 = SURFACE_STYLE_FILL_AREA ( #1192 ) ;
#473 =( NAMED_UNIT ( * ) SI_UNIT ( $, .STERADIAN. ) SOLID_ANGLE_UNIT ( ) );
#474 = VERTEX_POINT ( 'NONE', #418 ) ;
#475 = DIRECTION ( 'NONE',  ( 0.000000000000000000, -1.000000000000000000, 0.000000000000000000 ) ) ;
#476 = SURFACE_STYLE_FILL_AREA ( #1769 ) ;
#477 = PLANE ( 'NONE',  #791 ) ;
#478 = LINE ( 'NONE', #1061, #186 ) ;
#479 = DIRECTION ( 'NONE',  ( 0.000000000000000000, 1.000000000000000000, 0.000000000000000000 ) ) ;
#480 = DIRECTION ( 'NONE',  ( -0.000000000000000000, 1.000000000000000000, 0.000000000000000000 ) ) ;
#481 = COLOUR_RGB ( '',0.8431372549019607865, 0.8431372549019607865, 0.8431372549019607865 ) ;
#482 = ADVANCED_FACE ( 'NONE', ( #864 ), #287, .T. ) ;
#483 = SURFACE_SIDE_STYLE ('',( #923 ) ) ;
#484 = COLOUR_RGB ( '',0.9607843137254902244, 0.9607843137254902244, 0.9607843137254902244 ) ;
#485 = VECTOR ( 'NONE', #901, 1000.000000000000000 ) ;
#486 = DIRECTION ( 'NONE',  ( 1.000000000000000000, 0.000000000000000000, 0.000000000000000000 ) ) ;
#487 = ORIENTED_EDGE ( 'NONE', *, *, #426, .F. ) ;
#488 = FILL_AREA_STYLE_COLOUR ( '', #766 ) ;
#489 =( GEOMETRIC_REPRESENTATION_CONTEXT ( 3 ) GLOBAL_UNCERTAINTY_ASSIGNED_CONTEXT ( ( #984 ) ) GLOBAL_UNIT_ASSIGNED_CONTEXT ( ( #1590, #299, #1629 ) ) REPRESENTATION_CONTEXT ( 'NONE', 'WORKASPACE' ) );
#490 = CARTESIAN_POINT ( 'NONE',  ( -30.00000000000000000, -38.49999999999999289, -0.9099999999999995870 ) ) ;
#491 = CARTESIAN_POINT ( 'NONE',  ( -30.00000000000000000, -38.49999999999999289, -0.9099999999999989209 ) ) ;
#492 = UNCERTAINTY_MEASURE_WITH_UNIT (LENGTH_MEASURE( 1.000000000000000082E-05 ), #1738, 'distance_accuracy_value', 'NONE');
#493 = STYLED_ITEM ( 'NONE', ( #546 ), #1053 ) ;
#494 = CARTESIAN_POINT ( 'NONE',  ( -57.50000000000000000, 5.900000000000002132, 0.000000000000000000 ) ) ;
#495 = SURFACE_STYLE_USAGE ( .BOTH. , #932 ) ;
#496 =( NAMED_UNIT ( * ) PLANE_ANGLE_UNIT ( ) SI_UNIT ( $, .RADIAN. ) );
#497 = VERTEX_POINT ( 'NONE', #726 ) ;
#498 = FILL_AREA_STYLE_COLOUR ( '', #1095 ) ;
#499 = ADVANCED_FACE ( 'NONE', ( #23 ), #585, .T. ) ;
#500 = CARTESIAN_POINT ( 'NONE',  ( 57.50000000000000000, 37.90000000000000568, 0.000000000000000000 ) ) ;
#501 = DIRECTION ( 'NONE',  ( 0.000000000000000000, 0.000000000000000000, -1.000000000000000000 ) ) ;
#502 = PRESENTATION_STYLE_ASSIGNMENT (( #1226 ) ) ;
#503 = UNCERTAINTY_MEASURE_WITH_UNIT (LENGTH_MEASURE( 1.000000000000000082E-05 ), #326, 'distance_accuracy_value', 'NONE');
#504 = VERTEX_POINT ( 'NONE', #1594 ) ;
#505 = DIRECTION ( 'NONE',  ( -0.000000000000000000, -0.000000000000000000, 1.000000000000000000 ) ) ;
#506 = LINE ( 'NONE', #212, #1827 ) ;
#507 =( NAMED_UNIT ( * ) PLANE_ANGLE_UNIT ( ) SI_UNIT ( $, .RADIAN. ) );
#508 = ADVANCED_FACE ( 'NONE', ( #1055, #782 ), #1173, .T. ) ;
#509 = UNCERTAINTY_MEASURE_WITH_UNIT (LENGTH_MEASURE( 1.000000000000000082E-05 ), #784, 'distance_accuracy_value', 'NONE');
#510 = DIRECTION ( 'NONE',  ( 0.000000000000000000, 0.000000000000000000, -1.000000000000000000 ) ) ;
#511 = FILL_AREA_STYLE ('',( #1091 ) ) ;
#512 =( LENGTH_UNIT ( ) NAMED_UNIT ( * ) SI_UNIT ( .MILLI., .METRE. ) );
#513 = VECTOR ( 'NONE', #1165, 1000.000000000000000 ) ;
#514 = EDGE_LOOP ( 'NONE', ( #1303, #1123, #116, #1470 ) ) ;
#515 = MECHANICAL_DESIGN_GEOMETRIC_PRESENTATION_REPRESENTATION (  '', ( #1770 ), #330 ) ;
#516 = SURFACE_STYLE_FILL_AREA ( #1798 ) ;
#517 = PRESENTATION_STYLE_ASSIGNMENT (( #693 ) ) ;
#518 = STYLED_ITEM ( 'NONE', ( #1082 ), #1429 ) ;
#519 =( LENGTH_UNIT ( ) NAMED_UNIT ( * ) SI_UNIT ( .MILLI., .METRE. ) );
#520 = CARTESIAN_POINT ( 'NONE',  ( -2.178824183579817073E-15, -37.89999999999999147, 0.000000000000000000 ) ) ;
#521 = COLOUR_RGB ( '',0.7450980392156862919, 0.4901960784313725283, 0.3333333333333333148 ) ;
#522 = EDGE_LOOP ( 'NONE', ( #1120, #1454, #405, #837 ) ) ;
#523 = AXIS2_PLACEMENT_3D ( 'NONE', #1175, #1768, #1743 ) ;
#524 = AXIS2_PLACEMENT_3D ( 'NONE', #1428, #1002, #1410 ) ;
#525 = CARTESIAN_POINT ( 'NONE',  ( -30.00000000000000000, -38.49999999999999289, -0.009999999999999809389 ) ) ;
#526 = UNCERTAINTY_MEASURE_WITH_UNIT (LENGTH_MEASURE( 1.000000000000000082E-05 ), #717, 'distance_accuracy_value', 'NONE');
#527 = VERTEX_POINT ( 'NONE', #745 ) ;
#528 = DIRECTION ( 'NONE',  ( -0.000000000000000000, 1.000000000000000000, 0.000000000000000000 ) ) ;
#529 = UNCERTAINTY_MEASURE_WITH_UNIT (LENGTH_MEASURE( 1.000000000000000082E-05 ), #147, 'distance_accuracy_value', 'NONE');
#530 = FILL_AREA_STYLE ('',( #829 ) ) ;
#531 = EDGE_LOOP ( 'NONE', ( #1292, #883, #742, #84, #1661, #1219, #1651, #775 ) ) ;
#532 = PRESENTATION_STYLE_ASSIGNMENT (( #665 ) ) ;
#533 = EDGE_CURVE ( 'NONE', #1498, #1005, #456, .T. ) ;
#534 = SURFACE_STYLE_USAGE ( .BOTH. , #234 ) ;
#535 = PLANE ( 'NONE',  #1676 ) ;
#536 = ORIENTED_EDGE ( 'NONE', *, *, #437, .F. ) ;
#537 =( NAMED_UNIT ( * ) PLANE_ANGLE_UNIT ( ) SI_UNIT ( $, .RADIAN. ) );
#538 = CARTESIAN_POINT ( 'NONE',  ( 30.00000000000000000, -38.49999999999999289, -0.9099999999999989209 ) ) ;
#539 = VERTEX_POINT ( 'NONE', #897 ) ;
#540 = DIRECTION ( 'NONE',  ( 1.000000000000000000, 0.000000000000000000, 0.000000000000000000 ) ) ;
#541 = DIRECTION ( 'NONE',  ( -0.000000000000000000, -1.000000000000000000, 0.000000000000000000 ) ) ;
#542 = VECTOR ( 'NONE', #296, 1000.000000000000000 ) ;
#543 = EDGE_CURVE ( 'NONE', #378, #311, #911, .T. ) ;
#544 = STYLED_ITEM ( 'NONE', ( #517 ), #5 ) ;
#545 = ORIENTED_EDGE ( 'NONE', *, *, #543, .T. ) ;
#546 = PRESENTATION_STYLE_ASSIGNMENT (( #1646 ) ) ;
#547 =( GEOMETRIC_REPRESENTATION_CONTEXT ( 3 ) GLOBAL_UNCERTAINTY_ASSIGNED_CONTEXT ( ( #65 ) ) GLOBAL_UNIT_ASSIGNED_CONTEXT ( ( #1635, #507, #614 ) ) REPRESENTATION_CONTEXT ( 'NONE', 'WORKASPACE' ) );
#548 = SURFACE_STYLE_FILL_AREA ( #530 ) ;
#549 =( GEOMETRIC_REPRESENTATION_CONTEXT ( 3 ) GLOBAL_UNCERTAINTY_ASSIGNED_CONTEXT ( ( #661 ) ) GLOBAL_UNIT_ASSIGNED_CONTEXT ( ( #816, #827, #809 ) ) REPRESENTATION_CONTEXT ( 'NONE', 'WORKASPACE' ) );
#550 = ORIENTED_EDGE ( 'NONE', *, *, #265, .F. ) ;
#551 = MECHANICAL_DESIGN_GEOMETRIC_PRESENTATION_REPRESENTATION (  '', ( #858 ), #825 ) ;
#552 = CARTESIAN_POINT ( 'NONE',  ( -53.99999999999999289, -32.39999999999999858, 0.000000000000000000 ) ) ;
#553 = AXIS2_PLACEMENT_3D ( 'NONE', #1405, #833, #687 ) ;
#554 = LINE ( 'NONE', #111, #1775 ) ;
#555 = PRESENTATION_LAYER_ASSIGNMENT (  '', '', ( #337 ) ) ;
#556 =( LENGTH_UNIT ( ) NAMED_UNIT ( * ) SI_UNIT ( .MILLI., .METRE. ) );
#557 = VERTEX_POINT ( 'NONE', #1326 ) ;
#558 = LINE ( 'NONE', #1444, #1329 ) ;
#559 = FILL_AREA_STYLE_COLOUR ( '', #1689 ) ;
#560 = EDGE_CURVE ( 'NONE', #114, #1321, #610, .T. ) ;
#561 = ORIENTED_EDGE ( 'NONE', *, *, #1216, .T. ) ;
#562 = CARTESIAN_POINT ( 'NONE',  ( 26.99999999999999645, -9.899999999999995026, -0.9099999999999995870 ) ) ;
#563 = LINE ( 'NONE', #1520, #218 ) ;
#564 = CARTESIAN_POINT ( 'NONE',  ( -30.00000000000000000, -37.89999999999999147, 2.090000000000000746 ) ) ;
#565 = APPLICATION_CONTEXT ( 'automotive_design' ) ;
#566 = DIRECTION ( 'NONE',  ( 0.000000000000000000, 0.000000000000000000, 1.000000000000000000 ) ) ;
#567 = CARTESIAN_POINT ( 'NONE',  ( -30.00000000000000000, -39.39999999999999147, -0.009999999999989617888 ) ) ;
#568 = EDGE_CURVE ( 'NONE', #702, #686, #642, .T. ) ;
#569 =( NAMED_UNIT ( * ) PLANE_ANGLE_UNIT ( ) SI_UNIT ( $, .RADIAN. ) );
#570 = FILL_AREA_STYLE ('',( #1727 ) ) ;
#571 = STYLED_ITEM ( 'NONE', ( #1153 ), #1691 ) ;
#572 = VERTEX_POINT ( 'NONE', #320 ) ;
#573 = CARTESIAN_POINT ( 'NONE',  ( -57.50000000000000000, 37.90000000000000568, 0.000000000000000000 ) ) ;
#574 =( GEOMETRIC_REPRESENTATION_CONTEXT ( 3 ) GLOBAL_UNCERTAINTY_ASSIGNED_CONTEXT ( ( #998 ) ) GLOBAL_UNIT_ASSIGNED_CONTEXT ( ( #361, #96, #1675 ) ) REPRESENTATION_CONTEXT ( 'NONE', 'WORKASPACE' ) );
#575 = STYLED_ITEM ( 'NONE', ( #774 ), #165 ) ;
#576 = SURFACE_STYLE_USAGE ( .BOTH. , #1316 ) ;
#577 = VECTOR ( 'NONE', #1493, 1000.000000000000000 ) ;
#578 = MECHANICAL_DESIGN_GEOMETRIC_PRESENTATION_REPRESENTATION (  '', ( #1038 ), #1655 ) ;
#579 = LINE ( 'NONE', #1171, #365 ) ;
#580 = CARTESIAN_POINT ( 'NONE',  ( 60.35000000000000142, 37.90000000000000568, 3.180000000000000160 ) ) ;
#581 = VECTOR ( 'NONE', #928, 1000.000000000000000 ) ;
#582 = COLOUR_RGB ( '',0.2862745098039215508, 0.2862745098039215508, 0.2862745098039215508 ) ;
#583 = DIRECTION ( 'NONE',  ( 0.000000000000000000, -0.000000000000000000, -1.000000000000000000 ) ) ;
#584 =( GEOMETRIC_REPRESENTATION_CONTEXT ( 3 ) GLOBAL_UNCERTAINTY_ASSIGNED_CONTEXT ( ( #529 ) ) GLOBAL_UNIT_ASSIGNED_CONTEXT ( ( #147, #8, #175 ) ) REPRESENTATION_CONTEXT ( 'NONE', 'WORKASPACE' ) );
#585 = PLANE ( 'NONE',  #45 ) ;
#586 = VERTEX_POINT ( 'NONE', #904 ) ;
#587 = SURFACE_STYLE_USAGE ( .BOTH. , #4 ) ;
#588 = DIRECTION ( 'NONE',  ( -0.000000000000000000, -1.000000000000000000, 0.000000000000000000 ) ) ;
#589 = SURFACE_STYLE_USAGE ( .BOTH. , #899 ) ;
#590 = EDGE_CURVE ( 'NONE', #1514, #934, #1469, .T. ) ;
#591 = DIRECTION ( 'NONE',  ( 1.000000000000000000, 0.000000000000000000, 0.000000000000000000 ) ) ;
#592 = ORIENTED_EDGE ( 'NONE', *, *, #125, .F. ) ;
#593 = DIRECTION ( 'NONE',  ( 1.000000000000000000, 0.000000000000000000, -0.000000000000000000 ) ) ;
#594 = FILL_AREA_STYLE_COLOUR ( '', #881 ) ;
#595 = FACE_OUTER_BOUND ( 'NONE', #694, .T. ) ;
#596 = EDGE_CURVE ( 'NONE', #1374, #255, #414, .T. ) ;
#597 =( LENGTH_UNIT ( ) NAMED_UNIT ( * ) SI_UNIT ( .MILLI., .METRE. ) );
#598 = VERTEX_POINT ( 'NONE', #1115 ) ;
#599 = DIRECTION ( 'NONE',  ( -0.000000000000000000, 0.000000000000000000, -1.000000000000000000 ) ) ;
#600 = EDGE_CURVE ( 'NONE', #1374, #1671, #1, .T. ) ;
#601 = CARTESIAN_POINT ( 'NONE',  ( 57.50000000000000000, 37.90000000000000568, -5.339999999999998970 ) ) ;
#602 = SURFACE_STYLE_USAGE ( .BOTH. , #1463 ) ;
#603 = UNCERTAINTY_MEASURE_WITH_UNIT (LENGTH_MEASURE( 1.000000000000000082E-05 ), #1507, 'distance_accuracy_value', 'NONE');
#604 = VECTOR ( 'NONE', #936, 1000.000000000000000 ) ;
#605 = CARTESIAN_POINT ( 'NONE',  ( 30.00000000000000000, -37.89999999999999147, 2.090000000000000746 ) ) ;
#606 = AXIS2_PLACEMENT_3D ( 'NONE', #870, #152, #438 ) ;
#607 = VECTOR ( 'NONE', #1564, 1000.000000000000000 ) ;
#608 = DIRECTION ( 'NONE',  ( -0.000000000000000000, -0.000000000000000000, 1.000000000000000000 ) ) ;
#609 = AXIS2_PLACEMENT_3D ( 'NONE', #1333, #73, #638 ) ;
#610 = LINE ( 'NONE', #1184, #1099 ) ;
#611 = ORIENTED_EDGE ( 'NONE', *, *, #401, .T. ) ;
#612 = PLANE ( 'NONE',  #1782 ) ;
#613 = VECTOR ( 'NONE', #505, 1000.000000000000000 ) ;
#614 =( NAMED_UNIT ( * ) SI_UNIT ( $, .STERADIAN. ) SOLID_ANGLE_UNIT ( ) );
#615 = EDGE_CURVE ( 'NONE', #1605, #1321, #554, .T. ) ;
#616 = FACE_OUTER_BOUND ( 'NONE', #1435, .T. ) ;
#617 = LINE ( 'NONE', #494, #1832 ) ;
#618 = SURFACE_SIDE_STYLE ('',( #1359 ) ) ;
#619 = SURFACE_SIDE_STYLE ('',( #1324 ) ) ;
#620 = ORIENTED_EDGE ( 'NONE', *, *, #1176, .T. ) ;
#621 = SURFACE_STYLE_FILL_AREA ( #1044 ) ;
#622 = FACE_OUTER_BOUND ( 'NONE', #359, .T. ) ;
#623 = DIRECTION ( 'NONE',  ( -0.000000000000000000, 0.000000000000000000, 1.000000000000000000 ) ) ;
#624 = FACE_OUTER_BOUND ( 'NONE', #531, .T. ) ;
#625 = UNCERTAINTY_MEASURE_WITH_UNIT (LENGTH_MEASURE( 1.000000000000000082E-05 ), #1233, 'distance_accuracy_value', 'NONE');
#626 = CARTESIAN_POINT ( 'NONE',  ( -60.35000000000000142, -37.89999999999999147, 3.180000000000000160 ) ) ;
#627 = EDGE_CURVE ( 'NONE', #422, #168, #144, .T. ) ;
#628 = FILL_AREA_STYLE_COLOUR ( '', #481 ) ;
#629 = SURFACE_SIDE_STYLE ('',( #472 ) ) ;
#630 = ORIENTED_EDGE ( 'NONE', *, *, #308, .T. ) ;
#631 = SURFACE_SIDE_STYLE ('',( #1186 ) ) ;
#632 = CARTESIAN_POINT ( 'NONE',  ( 30.00000000000000000, -40.39999999999999147, 0.1899999999999877898 ) ) ;
#633 = LINE ( 'NONE', #1208, #581 ) ;
#634 = DIRECTION ( 'NONE',  ( 1.000000000000000000, 0.000000000000000000, 0.000000000000000000 ) ) ;
#635 = FILL_AREA_STYLE ('',( #658 ) ) ;
#636 = COLOUR_RGB ( '',0.9607843137254902244, 0.9607843137254902244, 0.9607843137254902244 ) ;
#637 = ORIENTED_EDGE ( 'NONE', *, *, #770, .F. ) ;
#638 = DIRECTION ( 'NONE',  ( 1.000000000000000000, 0.000000000000000000, 0.000000000000000000 ) ) ;
#639 = MANIFOLD_SOLID_BREP ( 'Boss-Extrude1', #1680 ) ;
#640 = VECTOR ( 'NONE', #1647, 1000.000000000000000 ) ;
#641 = EDGE_CURVE ( 'NONE', #1571, #1759, #19, .T. ) ;
#642 = CIRCLE ( 'NONE', #51, 3.000000000000000000 ) ;
#643 = ORIENTED_EDGE ( 'NONE', *, *, #732, .F. ) ;
#644 = FILL_AREA_STYLE_COLOUR ( '', #582 ) ;
#645 = STYLED_ITEM ( 'NONE', ( #161 ), #941 ) ;
#646 =( GEOMETRIC_REPRESENTATION_CONTEXT ( 3 ) GLOBAL_UNCERTAINTY_ASSIGNED_CONTEXT ( ( #1209 ) ) GLOBAL_UNIT_ASSIGNED_CONTEXT ( ( #1633, #926, #322 ) ) REPRESENTATION_CONTEXT ( 'NONE', 'WORKASPACE' ) );
#647 = DIRECTION ( 'NONE',  ( 0.000000000000000000, 1.000000000000000000, 0.000000000000000000 ) ) ;
#648 = MECHANICAL_DESIGN_GEOMETRIC_PRESENTATION_REPRESENTATION (  '', ( #339 ), #584 ) ;
#649 = VERTEX_POINT ( 'NONE', #1683 ) ;
#650 = SURFACE_STYLE_USAGE ( .BOTH. , #618 ) ;
#651 = CARTESIAN_POINT ( 'NONE',  ( -30.00000000000000000, -38.49999999999997868, 1.090000000000000524 ) ) ;
#652 =( LENGTH_UNIT ( ) NAMED_UNIT ( * ) SI_UNIT ( .MILLI., .METRE. ) );
#653 = EDGE_CURVE ( 'NONE', #114, #676, #1283, .T. ) ;
#654 = ORIENTED_EDGE ( 'NONE', *, *, #770, .T. ) ;
#655 = CARTESIAN_POINT ( 'NONE',  ( 0.000000000000000000, -32.39999999999999858, 3.180000000000000160 ) ) ;
#656 =( NAMED_UNIT ( * ) SI_UNIT ( $, .STERADIAN. ) SOLID_ANGLE_UNIT ( ) );
#657 =( NAMED_UNIT ( * ) SI_UNIT ( $, .STERADIAN. ) SOLID_ANGLE_UNIT ( ) );
#658 = FILL_AREA_STYLE_COLOUR ( '', #1740 ) ;
#659 =( NAMED_UNIT ( * ) SI_UNIT ( $, .STERADIAN. ) SOLID_ANGLE_UNIT ( ) );
#660 = UNCERTAINTY_MEASURE_WITH_UNIT (LENGTH_MEASURE( 1.000000000000000082E-05 ), #406, 'distance_accuracy_value', 'NONE');
#661 = UNCERTAINTY_MEASURE_WITH_UNIT (LENGTH_MEASURE( 1.000000000000000082E-05 ), #816, 'distance_accuracy_value', 'NONE');
#662 = ORIENTED_EDGE ( 'NONE', *, *, #1349, .T. ) ;
#663 = PRESENTATION_STYLE_ASSIGNMENT (( #239 ) ) ;
#664 = DIRECTION ( 'NONE',  ( 0.000000000000000000, -0.000000000000000000, 1.000000000000000000 ) ) ;
#665 = SURFACE_STYLE_USAGE ( .BOTH. , #1281 ) ;
#666 = PRESENTATION_LAYER_ASSIGNMENT (  '', '', ( #102 ) ) ;
#667 = EDGE_LOOP ( 'NONE', ( #1032, #1821, #1056, #1445 ) ) ;
#668 = VECTOR ( 'NONE', #1708, 1000.000000000000000 ) ;
#669 =( LENGTH_UNIT ( ) NAMED_UNIT ( * ) SI_UNIT ( .MILLI., .METRE. ) );
#670 = DIRECTION ( 'NONE',  ( -1.000000000000000000, -0.000000000000000000, -0.000000000000000000 ) ) ;
#671 = DIRECTION ( 'NONE',  ( 1.000000000000000000, -5.748876473825375650E-17, 0.000000000000000000 ) ) ;
#672 = SURFACE_SIDE_STYLE ('',( #106 ) ) ;
#673 = CARTESIAN_POINT ( 'NONE',  ( -30.00000000000000000, -37.89999999999999147, 2.090000000000000746 ) ) ;
#674 = COLOUR_RGB ( '',0.7450980392156862919, 0.4901960784313725283, 0.3333333333333333148 ) ;
#675 = EDGE_CURVE ( 'NONE', #1605, #497, #563, .T. ) ;
#676 = VERTEX_POINT ( 'NONE', #820 ) ;
#677 = PRESENTATION_LAYER_ASSIGNMENT (  '', '', ( #26 ) ) ;
#678 =( GEOMETRIC_REPRESENTATION_CONTEXT ( 3 ) GLOBAL_UNCERTAINTY_ASSIGNED_CONTEXT ( ( #1146 ) ) GLOBAL_UNIT_ASSIGNED_CONTEXT ( ( #1166, #1285, #1272 ) ) REPRESENTATION_CONTEXT ( 'NONE', 'WORKASPACE' ) );
#679 = UNCERTAINTY_MEASURE_WITH_UNIT (LENGTH_MEASURE( 1.000000000000000082E-05 ), #1559, 'distance_accuracy_value', 'NONE');
#680 = DIRECTION ( 'NONE',  ( 0.000000000000000000, -1.000000000000000000, 0.000000000000000000 ) ) ;
#681 = ORIENTED_EDGE ( 'NONE', *, *, #615, .F. ) ;
#682 = SURFACE_SIDE_STYLE ('',( #823 ) ) ;
#683 = CARTESIAN_POINT ( 'NONE',  ( 0.000000000000000000, 6.756708850049370163, -1.409999999999999476 ) ) ;
#684 = SURFACE_STYLE_FILL_AREA ( #82 ) ;
#685 = ORIENTED_EDGE ( 'NONE', *, *, #87, .T. ) ;
#686 = VERTEX_POINT ( 'NONE', #1140 ) ;
#687 = DIRECTION ( 'NONE',  ( -1.000000000000000000, 5.748876473825375650E-17, 0.000000000000000000 ) ) ;
#688 = EDGE_CURVE ( 'NONE', #119, #1613, #1705, .T. ) ;
#689 = CARTESIAN_POINT ( 'NONE',  ( 53.99999999999999289, 0.000000000000000000, 3.180000000000000160 ) ) ;
#690 = DIRECTION ( 'NONE',  ( 1.000000000000000000, 0.000000000000000000, 0.000000000000000000 ) ) ;
#691 = ORIENTED_EDGE ( 'NONE', *, *, #641, .F. ) ;
#692 = SURFACE_STYLE_USAGE ( .BOTH. , #1255 ) ;
#693 = SURFACE_STYLE_USAGE ( .BOTH. , #1274 ) ;
#694 = EDGE_LOOP ( 'NONE', ( #246, #132, #1034, #303 ) ) ;
#695 = FACE_OUTER_BOUND ( 'NONE', #812, .T. ) ;
#696 = ORIENTED_EDGE ( 'NONE', *, *, #543, .F. ) ;
#697 = PRESENTATION_LAYER_ASSIGNMENT (  '', '', ( #1824 ) ) ;
#698 = UNCERTAINTY_MEASURE_WITH_UNIT (LENGTH_MEASURE( 1.000000000000000082E-05 ), #470, 'distance_accuracy_value', 'NONE');
#699 = DIRECTION ( 'NONE',  ( -0.000000000000000000, 0.000000000000000000, 1.000000000000000000 ) ) ;
#700 = PRESENTATION_LAYER_ASSIGNMENT (  '', '', ( #446 ) ) ;
#701 = ADVANCED_FACE ( 'NONE', ( #1407 ), #376, .T. ) ;
#702 = VERTEX_POINT ( 'NONE', #1020 ) ;
#703 = PRESENTATION_LAYER_ASSIGNMENT (  '', '', ( #156 ) ) ;
#704 = LINE ( 'NONE', #1434, #760 ) ;
#705 =( NAMED_UNIT ( * ) PLANE_ANGLE_UNIT ( ) SI_UNIT ( $, .RADIAN. ) );
#706 = VECTOR ( 'NONE', #755, 1000.000000000000000 ) ;
#707 = MECHANICAL_DESIGN_GEOMETRIC_PRESENTATION_REPRESENTATION (  '', ( #1305 ), #1744 ) ;
#708 = DIRECTION ( 'NONE',  ( 0.000000000000000000, 0.000000000000000000, -1.000000000000000000 ) ) ;
#709 =( GEOMETRIC_REPRESENTATION_CONTEXT ( 3 ) GLOBAL_UNCERTAINTY_ASSIGNED_CONTEXT ( ( #70 ) ) GLOBAL_UNIT_ASSIGNED_CONTEXT ( ( #1669, #1033, #141 ) ) REPRESENTATION_CONTEXT ( 'NONE', 'WORKASPACE' ) );
#710 = PRESENTATION_STYLE_ASSIGNMENT (( #1817 ) ) ;
#711 = PLANE ( 'NONE',  #885 ) ;
#712 = FILL_AREA_STYLE_COLOUR ( '', #890 ) ;
#713 = EDGE_CURVE ( 'NONE', #422, #1529, #579, .T. ) ;
#714 = DIRECTION ( 'NONE',  ( 0.000000000000000000, -0.000000000000000000, 1.000000000000000000 ) ) ;
#715 = ORIENTED_EDGE ( 'NONE', *, *, #1756, .T. ) ;
#716 = SURFACE_STYLE_FILL_AREA ( #1701 ) ;
#717 =( LENGTH_UNIT ( ) NAMED_UNIT ( * ) SI_UNIT ( .MILLI., .METRE. ) );
#718 = SURFACE_STYLE_FILL_AREA ( #1028 ) ;
#719 = DIRECTION ( 'NONE',  ( 1.000000000000000000, 0.000000000000000000, 0.000000000000000000 ) ) ;
#720 = LINE ( 'NONE', #1167, #668 ) ;
#721 = ORIENTED_EDGE ( 'NONE', *, *, #268, .T. ) ;
#722 = FILL_AREA_STYLE ('',( #741 ) ) ;
#723 = ORIENTED_EDGE ( 'NONE', *, *, #209, .F. ) ;
#724 = ADVANCED_FACE ( 'NONE', ( #595 ), #895, .F. ) ;
#725 = DIRECTION ( 'NONE',  ( 0.000000000000000000, -1.000000000000000000, 0.000000000000000000 ) ) ;
#726 = CARTESIAN_POINT ( 'NONE',  ( 0.000000000000000000, 6.756708850049371051, -0.9099999999999995870 ) ) ;
#727 = ORIENTED_EDGE ( 'NONE', *, *, #1023, .T. ) ;
#728 =( NAMED_UNIT ( * ) SI_UNIT ( $, .STERADIAN. ) SOLID_ANGLE_UNIT ( ) );
#729 = STYLED_ITEM ( 'NONE', ( #85 ), #174 ) ;
#730 = COLOUR_RGB ( '',0.7450980392156862919, 0.4901960784313725283, 0.3333333333333333148 ) ;
#731 = VECTOR ( 'NONE', #1141, 1000.000000000000000 ) ;
#732 = EDGE_CURVE ( 'NONE', #288, #1697, #748, .T. ) ;
#733 = PRESENTATION_LAYER_ASSIGNMENT (  '', '', ( #858 ) ) ;
#734 = PRESENTATION_LAYER_ASSIGNMENT (  '', '', ( #1537 ) ) ;
#735 = VECTOR ( 'NONE', #1314, 1000.000000000000000 ) ;
#736 = PRESENTATION_STYLE_ASSIGNMENT (( #1716 ) ) ;
#737 = VECTOR ( 'NONE', #566, 1000.000000000000000 ) ;
#738 = LINE ( 'NONE', #567, #1566 ) ;
#739 = ORIENTED_EDGE ( 'NONE', *, *, #1092, .F. ) ;
#740 = SURFACE_SIDE_STYLE ('',( #716 ) ) ;
#741 = FILL_AREA_STYLE_COLOUR ( '', #937 ) ;
#742 = ORIENTED_EDGE ( 'NONE', *, *, #1504, .F. ) ;
#743 = EDGE_CURVE ( 'NONE', #350, #378, #309, .T. ) ;
#744 = EDGE_CURVE ( 'NONE', #197, #1571, #1011, .T. ) ;
#745 = CARTESIAN_POINT ( 'NONE',  ( -30.00000000000000000, -38.49999999999997158, 2.089999999999999858 ) ) ;
#746 = ORIENTED_EDGE ( 'NONE', *, *, #713, .F. ) ;
#747 = VERTEX_POINT ( 'NONE', #875 ) ;
#748 = LINE ( 'NONE', #318, #1715 ) ;
#749 = DIRECTION ( 'NONE',  ( 0.000000000000000000, 0.000000000000000000, -1.000000000000000000 ) ) ;
#750 = EDGE_CURVE ( 'NONE', #24, #288, #1182, .T. ) ;
#751 = DIRECTION ( 'NONE',  ( -0.000000000000000000, 0.000000000000000000, 1.000000000000000000 ) ) ;
#752 = EDGE_LOOP ( 'NONE', ( #1810, #1313, #939, #89 ) ) ;
#753 = CARTESIAN_POINT ( 'NONE',  ( 53.99999999999999289, 0.000000000000000000, 3.180000000000000160 ) ) ;
#754 =( NAMED_UNIT ( * ) PLANE_ANGLE_UNIT ( ) SI_UNIT ( $, .RADIAN. ) );
#755 = DIRECTION ( 'NONE',  ( 1.000000000000000000, 0.000000000000000000, 0.000000000000000000 ) ) ;
#756 = UNCERTAINTY_MEASURE_WITH_UNIT (LENGTH_MEASURE( 1.000000000000000082E-05 ), #556, 'distance_accuracy_value', 'NONE');
#757 = SURFACE_STYLE_USAGE ( .BOTH. , #145 ) ;
#758 = PRESENTATION_LAYER_ASSIGNMENT (  '', '', ( #328 ) ) ;
#759 = VECTOR ( 'NONE', #1178, 1000.000000000000000 ) ;
#760 = VECTOR ( 'NONE', #1276, 1000.000000000000000 ) ;
#761 = FACE_OUTER_BOUND ( 'NONE', #1585, .T. ) ;
#762 = PRESENTATION_LAYER_ASSIGNMENT (  '', '', ( #1038 ) ) ;
#763 = VECTOR ( 'NONE', #1696, 1000.000000000000000 ) ;
#764 =( GEOMETRIC_REPRESENTATION_CONTEXT ( 3 ) GLOBAL_UNCERTAINTY_ASSIGNED_CONTEXT ( ( #698 ) ) GLOBAL_UNIT_ASSIGNED_CONTEXT ( ( #470, #1496, #659 ) ) REPRESENTATION_CONTEXT ( 'NONE', 'WORKASPACE' ) );
#765 = PLANE ( 'NONE',  #785 ) ;
#766 = COLOUR_RGB ( '',0.8431372549019607865, 0.8431372549019607865, 0.8431372549019607865 ) ;
#767 = CARTESIAN_POINT ( 'NONE',  ( -53.99999999999999289, -32.39999999999999858, 3.180000000000000160 ) ) ;
#768 = ORIENTED_EDGE ( 'NONE', *, *, #1419, .T. ) ;
#769 = FACE_OUTER_BOUND ( 'NONE', #1393, .T. ) ;
#770 = EDGE_CURVE ( 'NONE', #1398, #779, #442, .T. ) ;
#771 = CARTESIAN_POINT ( 'NONE',  ( 60.35000000000000142, 0.000000000000000000, 3.180000000000000160 ) ) ;
#772 = MECHANICAL_DESIGN_GEOMETRIC_PRESENTATION_REPRESENTATION (  '', ( #983 ), #194 ) ;
#773 = LINE ( 'NONE', #909, #1805 ) ;
#774 = PRESENTATION_STYLE_ASSIGNMENT (( #495 ) ) ;
#775 = ORIENTED_EDGE ( 'NONE', *, *, #222, .T. ) ;
#776 = SURFACE_SIDE_STYLE ('',( #621 ) ) ;
#777 = DIRECTION ( 'NONE',  ( 0.000000000000000000, 0.000000000000000000, -1.000000000000000000 ) ) ;
#778 = CARTESIAN_POINT ( 'NONE',  ( 0.000000000000000000, -32.39999999999999858, 3.180000000000000160 ) ) ;
#779 = VERTEX_POINT ( 'NONE', #37 ) ;
#780 =( NAMED_UNIT ( * ) PLANE_ANGLE_UNIT ( ) SI_UNIT ( $, .RADIAN. ) );
#781 =( LENGTH_UNIT ( ) NAMED_UNIT ( * ) SI_UNIT ( .MILLI., .METRE. ) );
#782 = FACE_BOUND ( 'NONE', #124, .T. ) ;
#783 = EDGE_LOOP ( 'NONE', ( #375, #128, #1052, #1205, #1227, #1409, #1829, #1426, #1703, #383, #1622, #796 ) ) ;
#784 =( LENGTH_UNIT ( ) NAMED_UNIT ( * ) SI_UNIT ( .MILLI., .METRE. ) );
#785 = AXIS2_PLACEMENT_3D ( 'NONE', #836, #1818, #1397 ) ;
#786 = SURFACE_STYLE_USAGE ( .BOTH. , #1076 ) ;
#787 = AXIS2_PLACEMENT_3D ( 'NONE', #1422, #1558, #863 ) ;
#788 =( NAMED_UNIT ( * ) PLANE_ANGLE_UNIT ( ) SI_UNIT ( $, .RADIAN. ) );
#789 = CARTESIAN_POINT ( 'NONE',  ( -54.00000000000000711, 32.39999999999999858, 3.180000000000000160 ) ) ;
#790 = ADVANCED_FACE ( 'NONE', ( #157 ), #1309, .F. ) ;
#791 = AXIS2_PLACEMENT_3D ( 'NONE', #1059, #200, #777 ) ;
#792 =( LENGTH_UNIT ( ) NAMED_UNIT ( * ) SI_UNIT ( .MILLI., .METRE. ) );
#793 = VECTOR ( 'NONE', #671, 1000.000000000000000 ) ;
#794 = VECTOR ( 'NONE', #193, 1000.000000000000000 ) ;
#795 =( GEOMETRIC_REPRESENTATION_CONTEXT ( 3 ) GLOBAL_UNCERTAINTY_ASSIGNED_CONTEXT ( ( #1371 ) ) GLOBAL_UNIT_ASSIGNED_CONTEXT ( ( #1343, #1621, #473 ) ) REPRESENTATION_CONTEXT ( 'NONE', 'WORKASPACE' ) );
#796 = ORIENTED_EDGE ( 'NONE', *, *, #1216, .F. ) ;
#797 = CARTESIAN_POINT ( 'NONE',  ( -54.00000000000000000, -1.156482317317871291E-14, 3.180000000000000160 ) ) ;
#798 = FILL_AREA_STYLE_COLOUR ( '', #1268 ) ;
#799 = PRESENTATION_LAYER_ASSIGNMENT (  '', '', ( #367 ) ) ;
#800 = SURFACE_SIDE_STYLE ('',( #1074 ) ) ;
#801 = FILL_AREA_STYLE_COLOUR ( '', #1036 ) ;
#802 = UNCERTAINTY_MEASURE_WITH_UNIT (LENGTH_MEASURE( 1.000000000000000082E-05 ), #781, 'distance_accuracy_value', 'NONE');
#803 = LINE ( 'NONE', #1198, #449 ) ;
#804 =( NAMED_UNIT ( * ) SI_UNIT ( $, .STERADIAN. ) SOLID_ANGLE_UNIT ( ) );
#805 =( NAMED_UNIT ( * ) SI_UNIT ( $, .STERADIAN. ) SOLID_ANGLE_UNIT ( ) );
#806 = VERTEX_POINT ( 'NONE', #789 ) ;
#807 =( LENGTH_UNIT ( ) NAMED_UNIT ( * ) SI_UNIT ( .MILLI., .METRE. ) );
#808 = PLANE ( 'NONE',  #238 ) ;
#809 =( NAMED_UNIT ( * ) SI_UNIT ( $, .STERADIAN. ) SOLID_ANGLE_UNIT ( ) );
#810 =( NAMED_UNIT ( * ) SI_UNIT ( $, .STERADIAN. ) SOLID_ANGLE_UNIT ( ) );
#811 =( NAMED_UNIT ( * ) PLANE_ANGLE_UNIT ( ) SI_UNIT ( $, .RADIAN. ) );
#812 = EDGE_LOOP ( 'NONE', ( #592, #342, #188, #1491 ) ) ;
#813 = PRESENTATION_STYLE_ASSIGNMENT (( #692 ) ) ;
#814 =( LENGTH_UNIT ( ) NAMED_UNIT ( * ) SI_UNIT ( .MILLI., .METRE. ) );
#815 = EDGE_CURVE ( 'NONE', #1679, #1605, #954, .T. ) ;
#816 =( LENGTH_UNIT ( ) NAMED_UNIT ( * ) SI_UNIT ( .MILLI., .METRE. ) );
#817 = UNCERTAINTY_MEASURE_WITH_UNIT (LENGTH_MEASURE( 1.000000000000000082E-05 ), #458, 'distance_accuracy_value', 'NONE');
#818 = ORIENTED_EDGE ( 'NONE', *, *, #1014, .F. ) ;
#819 =( NAMED_UNIT ( * ) PLANE_ANGLE_UNIT ( ) SI_UNIT ( $, .RADIAN. ) );
#820 = CARTESIAN_POINT ( 'NONE',  ( 30.00000000000000000, -38.49999999999999289, -1.909999999999999032 ) ) ;
#821 = ORIENTED_EDGE ( 'NONE', *, *, #1468, .T. ) ;
#822 = VECTOR ( 'NONE', #253, 1000.000000000000000 ) ;
#823 = SURFACE_STYLE_FILL_AREA ( #958 ) ;
#824 = PRESENTATION_LAYER_ASSIGNMENT (  '', '', ( #1625 ) ) ;
#825 =( GEOMETRIC_REPRESENTATION_CONTEXT ( 3 ) GLOBAL_UNCERTAINTY_ASSIGNED_CONTEXT ( ( #256 ) ) GLOBAL_UNIT_ASSIGNED_CONTEXT ( ( #597, #1202, #1453 ) ) REPRESENTATION_CONTEXT ( 'NONE', 'WORKASPACE' ) );
#826 = EDGE_CURVE ( 'NONE', #1639, #1841, #1225, .T. ) ;
#827 =( NAMED_UNIT ( * ) PLANE_ANGLE_UNIT ( ) SI_UNIT ( $, .RADIAN. ) );
#828 = STYLED_ITEM ( 'NONE', ( #1112 ), #1598 ) ;
#829 = FILL_AREA_STYLE_COLOUR ( '', #1627 ) ;
#830 = AXIS2_PLACEMENT_3D ( 'NONE', #1133, #510, #1380 ) ;
#831 = VERTEX_POINT ( 'NONE', #1787 ) ;
#832 = MECHANICAL_DESIGN_GEOMETRIC_PRESENTATION_REPRESENTATION (  '', ( #337 ), #1574 ) ;
#833 = DIRECTION ( 'NONE',  ( 5.748876473825375650E-17, 1.000000000000000000, -0.000000000000000000 ) ) ;
#834 = STYLED_ITEM ( 'NONE', ( #1201 ), #1253 ) ;
#835 =( LENGTH_UNIT ( ) NAMED_UNIT ( * ) SI_UNIT ( .MILLI., .METRE. ) );
#836 = CARTESIAN_POINT ( 'NONE',  ( 0.000000000000000000, -9.899999999999995026, -1.409999999999999476 ) ) ;
#837 = ORIENTED_EDGE ( 'NONE', *, *, #675, .T. ) ;
#838 = ORIENTED_EDGE ( 'NONE', *, *, #1362, .T. ) ;
#839 = ORIENTED_EDGE ( 'NONE', *, *, #1702, .F. ) ;
#840 = ADVANCED_FACE ( 'NONE', ( #1796 ), #1477, .F. ) ;
#841 = DIRECTION ( 'NONE',  ( 1.000000000000000000, 0.000000000000000000, 0.000000000000000000 ) ) ;
#842 = DIRECTION ( 'NONE',  ( 0.000000000000000000, 0.000000000000000000, -1.000000000000000000 ) ) ;
#843 = ORIENTED_EDGE ( 'NONE', *, *, #929, .T. ) ;
#844 =( NAMED_UNIT ( * ) SI_UNIT ( $, .STERADIAN. ) SOLID_ANGLE_UNIT ( ) );
#845 = CARTESIAN_POINT ( 'NONE',  ( 53.99999999999999289, 0.000000000000000000, 0.000000000000000000 ) ) ;
#846 = ORIENTED_EDGE ( 'NONE', *, *, #815, .F. ) ;
#847 = FILL_AREA_STYLE ('',( #970 ) ) ;
#848 = ORIENTED_EDGE ( 'NONE', *, *, #209, .T. ) ;
#849 = ADVANCED_FACE ( 'NONE', ( #761 ), #203, .F. ) ;
#850 = SURFACE_STYLE_FILL_AREA ( #257 ) ;
#851 =( NAMED_UNIT ( * ) PLANE_ANGLE_UNIT ( ) SI_UNIT ( $, .RADIAN. ) );
#852 = PRODUCT_DEFINITION_FORMATION_WITH_SPECIFIED_SOURCE ( 'ANY', '', #158, .NOT_KNOWN. ) ;
#853 = CARTESIAN_POINT ( 'NONE',  ( -60.35000000000000142, -37.89999999999999147, 3.180000000000000160 ) ) ;
#854 = FILL_AREA_STYLE ('',( #25 ) ) ;
#855 = DIRECTION ( 'NONE',  ( -0.000000000000000000, 1.000000000000000000, -0.000000000000000000 ) ) ;
#856 = MECHANICAL_DESIGN_GEOMETRIC_PRESENTATION_REPRESENTATION (  '', ( #912 ), #425 ) ;
#857 = ORIENTED_EDGE ( 'NONE', *, *, #354, .F. ) ;
#858 = STYLED_ITEM ( 'NONE', ( #187 ), #508 ) ;
#859 = STYLED_ITEM ( 'NONE', ( #427 ), #790 ) ;
#860 =( NAMED_UNIT ( * ) SI_UNIT ( $, .STERADIAN. ) SOLID_ANGLE_UNIT ( ) );
#861 = CARTESIAN_POINT ( 'NONE',  ( -30.00000000000000000, -37.89999999999999147, 1.090000000000000524 ) ) ;
#862 = SURFACE_STYLE_USAGE ( .BOTH. , #416 ) ;
#863 = DIRECTION ( 'NONE',  ( 1.000000000000000000, 0.000000000000000000, 0.000000000000000000 ) ) ;
#864 = FACE_OUTER_BOUND ( 'NONE', #1547, .T. ) ;
#865 = VERTEX_POINT ( 'NONE', #562 ) ;
#866 = LINE ( 'NONE', #289, #1630 ) ;
#867 = CARTESIAN_POINT ( 'NONE',  ( 3.000000000000002665, -6.899999999999995914, -1.409999999999999476 ) ) ;
#868 =( LENGTH_UNIT ( ) NAMED_UNIT ( * ) SI_UNIT ( .MILLI., .METRE. ) );
#869 = CARTESIAN_POINT ( 'NONE',  ( 26.99999999999999645, -9.899999999999995026, -1.909999999999999698 ) ) ;
#870 = CARTESIAN_POINT ( 'NONE',  ( 26.99999999999999645, -12.89999999999999503, -1.409999999999999476 ) ) ;
#871 = ORIENTED_EDGE ( 'NONE', *, *, #1259, .F. ) ;
#872 = EDGE_CURVE ( 'NONE', #168, #831, #1554, .T. ) ;
#873 = FACE_OUTER_BOUND ( 'NONE', #1550, .T. ) ;
#874 = PLANE ( 'NONE',  #360 ) ;
#875 = CARTESIAN_POINT ( 'NONE',  ( -57.50000000000000000, 5.900000000000002132, 0.000000000000000000 ) ) ;
#876 = LINE ( 'NONE', #451, #513 ) ;
#877 = PRESENTATION_LAYER_ASSIGNMENT (  '', '', ( #1031 ) ) ;
#878 = ORIENTED_EDGE ( 'NONE', *, *, #955, .F. ) ;
#879 = DIRECTION ( 'NONE',  ( 1.000000000000000000, -0.000000000000000000, 0.000000000000000000 ) ) ;
#880 = PLANE ( 'NONE',  #386 ) ;
#881 = COLOUR_RGB ( '',0.9607843137254902244, 0.9607843137254902244, 0.9607843137254902244 ) ;
#882 = EDGE_CURVE ( 'NONE', #1639, #1438, #1039, .T. ) ;
#883 = ORIENTED_EDGE ( 'NONE', *, *, #1014, .T. ) ;
#884 = COLOUR_RGB ( '',0.7450980392156862919, 0.4901960784313725283, 0.3333333333333333148 ) ;
#885 = AXIS2_PLACEMENT_3D ( 'NONE', #181, #699, #1284 ) ;
#886 = VECTOR ( 'NONE', #310, 1000.000000000000000 ) ;
#887 = DIRECTION ( 'NONE',  ( 1.000000000000000000, 0.000000000000000000, 0.000000000000000000 ) ) ;
#888 =( GEOMETRIC_REPRESENTATION_CONTEXT ( 3 ) GLOBAL_UNCERTAINTY_ASSIGNED_CONTEXT ( ( #1600 ) ) GLOBAL_UNIT_ASSIGNED_CONTEXT ( ( #1436, #1293, #728 ) ) REPRESENTATION_CONTEXT ( 'NONE', 'WORKASPACE' ) );
#889 = SURFACE_STYLE_USAGE ( .BOTH. , #483 ) ;
#890 = COLOUR_RGB ( '',0.9607843137254902244, 0.9607843137254902244, 0.9607843137254902244 ) ;
#891 = ORIENTED_EDGE ( 'NONE', *, *, #413, .F. ) ;
#892 =( NAMED_UNIT ( * ) PLANE_ANGLE_UNIT ( ) SI_UNIT ( $, .RADIAN. ) );
#893 = DIRECTION ( 'NONE',  ( -0.000000000000000000, 0.000000000000000000, -1.000000000000000000 ) ) ;
#894 = ORIENTED_EDGE ( 'NONE', *, *, #1483, .F. ) ;
#895 = PLANE ( 'NONE',  #135 ) ;
#896 = ADVANCED_FACE ( 'NONE', ( #1106 ), #1530, .F. ) ;
#897 = CARTESIAN_POINT ( 'NONE',  ( 3.000000000000002665, -9.899999999999995026, -1.909999999999999698 ) ) ;
#898 = VERTEX_POINT ( 'NONE', #552 ) ;
#899 = SURFACE_SIDE_STYLE ('',( #1588 ) ) ;
#900 =( NAMED_UNIT ( * ) SI_UNIT ( $, .STERADIAN. ) SOLID_ANGLE_UNIT ( ) );
#901 = DIRECTION ( 'NONE',  ( 0.000000000000000000, -0.000000000000000000, -1.000000000000000000 ) ) ;
#902 = EDGE_CURVE ( 'NONE', #1132, #986, #1279, .T. ) ;
#903 =( NAMED_UNIT ( * ) SI_UNIT ( $, .STERADIAN. ) SOLID_ANGLE_UNIT ( ) );
#904 = CARTESIAN_POINT ( 'NONE',  ( -30.00000000000000000, 6.756708850049371051, -0.9099999999999995870 ) ) ;
#905 = ORIENTED_EDGE ( 'NONE', *, *, #615, .T. ) ;
#906 = CARTESIAN_POINT ( 'NONE',  ( 30.00000000000000000, -37.89999999999999147, 1.090000000000000524 ) ) ;
#907 = PRESENTATION_STYLE_ASSIGNMENT (( #1762 ) ) ;
#908 = CARTESIAN_POINT ( 'NONE',  ( 30.00000000000000000, -38.49999999999999289, 0.1900000000000009459 ) ) ;
#909 = CARTESIAN_POINT ( 'NONE',  ( -30.00000000000000000, -9.899999999999995026, -0.9099999999999995870 ) ) ;
#910 =( LENGTH_UNIT ( ) NAMED_UNIT ( * ) SI_UNIT ( .MILLI., .METRE. ) );
#911 = CIRCLE ( 'NONE', #452, 0.8999999999999991340 ) ;
#912 = STYLED_ITEM ( 'NONE', ( #7 ), #1395 ) ;
#913 = AXIS2_PLACEMENT_3D ( 'NONE', #412, #540, #708 ) ;
#914 = DIRECTION ( 'NONE',  ( 1.000000000000000000, 0.000000000000000000, 0.000000000000000000 ) ) ;
#915 = AXIS2_PLACEMENT_3D ( 'NONE', #107, #404, #392 ) ;
#916 = COLOUR_RGB ( '',0.2862745098039215508, 0.2862745098039215508, 0.2862745098039215508 ) ;
#917 = ORIENTED_EDGE ( 'NONE', *, *, #1733, .F. ) ;
#918 = COLOUR_RGB ( '',0.8431372549019607865, 0.8431372549019607865, 0.8431372549019607865 ) ;
#919 = EDGE_CURVE ( 'NONE', #24, #1519, #1104, .T. ) ;
#920 = LINE ( 'NONE', #1608, #577 ) ;
#921 = DIRECTION ( 'NONE',  ( 0.000000000000000000, -0.000000000000000000, -1.000000000000000000 ) ) ;
#922 = ORIENTED_EDGE ( 'NONE', *, *, #87, .F. ) ;
#923 = SURFACE_STYLE_FILL_AREA ( #301 ) ;
#924 = PRESENTATION_STYLE_ASSIGNMENT (( #1490 ) ) ;
#925 = ORIENTED_EDGE ( 'NONE', *, *, #1642, .T. ) ;
#926 =( NAMED_UNIT ( * ) PLANE_ANGLE_UNIT ( ) SI_UNIT ( $, .RADIAN. ) );
#927 = DIRECTION ( 'NONE',  ( 1.000000000000000000, 0.000000000000000000, -0.000000000000000000 ) ) ;
#928 = DIRECTION ( 'NONE',  ( 1.000000000000000000, 0.000000000000000000, 0.000000000000000000 ) ) ;
#929 = EDGE_CURVE ( 'NONE', #898, #557, #989, .T. ) ;
#930 = DIRECTION ( 'NONE',  ( 0.000000000000000000, 0.000000000000000000, -1.000000000000000000 ) ) ;
#931 = FACE_OUTER_BOUND ( 'NONE', #1431, .T. ) ;
#932 = SURFACE_SIDE_STYLE ('',( #1637 ) ) ;
#933 = DIRECTION ( 'NONE',  ( 0.000000000000000000, 0.000000000000000000, -1.000000000000000000 ) ) ;
#934 = VERTEX_POINT ( 'NONE', #373 ) ;
#935 = FILL_AREA_STYLE ('',( #1338 ) ) ;
#936 = DIRECTION ( 'NONE',  ( 0.000000000000000000, 1.000000000000000000, 0.000000000000000000 ) ) ;
#937 = COLOUR_RGB ( '',0.8431372549019607865, 0.8431372549019607865, 0.8431372549019607865 ) ;
#938 = ADVANCED_FACE ( 'NONE', ( #1403 ), #241, .F. ) ;
#939 = ORIENTED_EDGE ( 'NONE', *, *, #600, .T. ) ;
#940 =( LENGTH_UNIT ( ) NAMED_UNIT ( * ) SI_UNIT ( .MILLI., .METRE. ) );
#941 = ADVANCED_FACE ( 'NONE', ( #1709 ), #410, .T. ) ;
#942 =( GEOMETRIC_REPRESENTATION_CONTEXT ( 3 ) GLOBAL_UNCERTAINTY_ASSIGNED_CONTEXT ( ( #509 ) ) GLOBAL_UNIT_ASSIGNED_CONTEXT ( ( #784, #754, #656 ) ) REPRESENTATION_CONTEXT ( 'NONE', 'WORKASPACE' ) );
#943 = VECTOR ( 'NONE', #345, 1000.000000000000000 ) ;
#944 = UNCERTAINTY_MEASURE_WITH_UNIT (LENGTH_MEASURE( 1.000000000000000082E-05 ), #519, 'distance_accuracy_value', 'NONE');
#945 = CARTESIAN_POINT ( 'NONE',  ( -30.00000000000000000, 6.756708850049371051, -1.909999999999999698 ) ) ;
#946 = STYLED_ITEM ( 'NONE', ( #126 ), #701 ) ;
#947 = EDGE_LOOP ( 'NONE', ( #258, #1582, #1353, #439, #252, #681, #846, #1008 ) ) ;
#948 = FACE_OUTER_BOUND ( 'NONE', #1745, .T. ) ;
#949 = COLOUR_RGB ( '',0.8431372549019607865, 0.8431372549019607865, 0.8431372549019607865 ) ;
#950 = LINE ( 'NONE', #1510, #793 ) ;
#951 =( GEOMETRIC_REPRESENTATION_CONTEXT ( 3 ) GLOBAL_UNCERTAINTY_ASSIGNED_CONTEXT ( ( #172 ) ) GLOBAL_UNIT_ASSIGNED_CONTEXT ( ( #1289, #892, #419 ) ) REPRESENTATION_CONTEXT ( 'NONE', 'WORKASPACE' ) );
#952 = CARTESIAN_POINT ( 'NONE',  ( -30.00000000000000000, -40.39999999999999147, 0.1899999999999905098 ) ) ;
#953 = VECTOR ( 'NONE', #583, 1000.000000000000000 ) ;
#954 = LINE ( 'NONE', #356, #1102 ) ;
#955 = EDGE_CURVE ( 'NONE', #539, #1132, #866, .T. ) ;
#956 = LINE ( 'NONE', #1465, #1243 ) ;
#957 = ORIENTED_EDGE ( 'NONE', *, *, #1702, .T. ) ;
#958 = FILL_AREA_STYLE ('',( #388 ) ) ;
#959 = CARTESIAN_POINT ( 'NONE',  ( 57.50000000000000000, 37.90000000000000568, 0.000000000000000000 ) ) ;
#960 = LINE ( 'NONE', #1552, #1277 ) ;
#961 = ORIENTED_EDGE ( 'NONE', *, *, #1107, .F. ) ;
#962 = FILL_AREA_STYLE ('',( #227 ) ) ;
#963 = SURFACE_STYLE_FILL_AREA ( #1121 ) ;
#964 = EDGE_CURVE ( 'NONE', #1529, #779, #1278, .T. ) ;
#965 = UNCERTAINTY_MEASURE_WITH_UNIT (LENGTH_MEASURE( 1.000000000000000082E-05 ), #868, 'distance_accuracy_value', 'NONE');
#966 = ORIENTED_EDGE ( 'NONE', *, *, #471, .T. ) ;
#967 = SURFACE_SIDE_STYLE ('',( #1101 ) ) ;
#968 =( NAMED_UNIT ( * ) PLANE_ANGLE_UNIT ( ) SI_UNIT ( $, .RADIAN. ) );
#969 = ORIENTED_EDGE ( 'NONE', *, *, #344, .F. ) ;
#970 = FILL_AREA_STYLE_COLOUR ( '', #521 ) ;
#971 = STYLED_ITEM ( 'NONE', ( #1264 ), #1837 ) ;
#972 = ORIENTED_EDGE ( 'NONE', *, *, #222, .F. ) ;
#973 =( GEOMETRIC_REPRESENTATION_CONTEXT ( 3 ) GLOBAL_UNCERTAINTY_ASSIGNED_CONTEXT ( ( #54 ) ) GLOBAL_UNIT_ASSIGNED_CONTEXT ( ( #1484, #1072, #260 ) ) REPRESENTATION_CONTEXT ( 'NONE', 'WORKASPACE' ) );
#974 = CARTESIAN_POINT ( 'NONE',  ( -30.00000000000000000, -38.49999999999999289, -1.909999999999999032 ) ) ;
#975 = COLOUR_RGB ( '',0.7921568627450980005, 0.8196078431372548767, 0.9333333333333333481 ) ;
#976 = ORIENTED_EDGE ( 'NONE', *, *, #1176, .F. ) ;
#977 = PRESENTATION_LAYER_ASSIGNMENT (  '', '', ( #1770 ) ) ;
#978 =( GEOMETRIC_REPRESENTATION_CONTEXT ( 3 ) GLOBAL_UNCERTAINTY_ASSIGNED_CONTEXT ( ( #1232 ) ) GLOBAL_UNIT_ASSIGNED_CONTEXT ( ( #415, #1297, #985 ) ) REPRESENTATION_CONTEXT ( 'NONE', 'WORKASPACE' ) );
#979 = CARTESIAN_POINT ( 'NONE',  ( 30.00000000000000000, -40.39999999999999147, 0.1899999999999905098 ) ) ;
#980 = SURFACE_STYLE_USAGE ( .BOTH. , #1394 ) ;
#981 = AXIS2_PLACEMENT_3D ( 'NONE', #368, #1191, #1370 ) ;
#982 = ORIENTED_EDGE ( 'NONE', *, *, #1406, .T. ) ;
#983 = STYLED_ITEM ( 'NONE', ( #1067 ), #1261 ) ;
#984 = UNCERTAINTY_MEASURE_WITH_UNIT (LENGTH_MEASURE( 1.000000000000000082E-05 ), #1590, 'distance_accuracy_value', 'NONE');
#985 =( NAMED_UNIT ( * ) SI_UNIT ( $, .STERADIAN. ) SOLID_ANGLE_UNIT ( ) );
#986 = VERTEX_POINT ( 'NONE', #1839 ) ;
#987 = PRESENTATION_STYLE_ASSIGNMENT (( #95 ) ) ;
#988 = CARTESIAN_POINT ( 'NONE',  ( 30.00000000000000000, -39.39999999999999147, -0.009999999999989617888 ) ) ;
#989 = LINE ( 'NONE', #1517, #22 ) ;
#990 =( LENGTH_UNIT ( ) NAMED_UNIT ( * ) SI_UNIT ( .MILLI., .METRE. ) );
#991 = ADVANCED_FACE ( 'NONE', ( #304 ), #1455, .T. ) ;
#992 = VERTEX_POINT ( 'NONE', #205 ) ;
#993 = CARTESIAN_POINT ( 'NONE',  ( 53.99999999999999289, 32.39999999999999858, 3.180000000000000160 ) ) ;
#994 = SURFACE_STYLE_FILL_AREA ( #407 ) ;
#995 = DIRECTION ( 'NONE',  ( 0.000000000000000000, 0.000000000000000000, -1.000000000000000000 ) ) ;
#996 = DIRECTION ( 'NONE',  ( 0.000000000000000000, -1.000000000000000000, 0.000000000000000000 ) ) ;
#997 = EDGE_LOOP ( 'NONE', ( #1789, #240, #229, #1665 ) ) ;
#998 = UNCERTAINTY_MEASURE_WITH_UNIT (LENGTH_MEASURE( 1.000000000000000082E-05 ), #361, 'distance_accuracy_value', 'NONE');
#999 =( NAMED_UNIT ( * ) PLANE_ANGLE_UNIT ( ) SI_UNIT ( $, .RADIAN. ) );
#1000 = LINE ( 'NONE', #1823, #1653 ) ;
#1001 = LINE ( 'NONE', #146, #1592 ) ;
#1002 = DIRECTION ( 'NONE',  ( 0.000000000000000000, -1.000000000000000000, 0.000000000000000000 ) ) ;
#1003 = COLOUR_RGB ( '',0.9607843137254902244, 0.9607843137254902244, 0.9607843137254902244 ) ;
#1004 = LINE ( 'NONE', #845, #1240 ) ;
#1005 = VERTEX_POINT ( 'NONE', #1206 ) ;
#1006 = PRESENTATION_LAYER_ASSIGNMENT (  '', '', ( #946 ) ) ;
#1007 =( GEOMETRIC_REPRESENTATION_CONTEXT ( 3 ) GLOBAL_UNCERTAINTY_ASSIGNED_CONTEXT ( ( #625 ) ) GLOBAL_UNIT_ASSIGNED_CONTEXT ( ( #1233, #1512, #364 ) ) REPRESENTATION_CONTEXT ( 'NONE', 'WORKASPACE' ) );
#1008 = ORIENTED_EDGE ( 'NONE', *, *, #1259, .T. ) ;
#1009 = MECHANICAL_DESIGN_GEOMETRIC_PRESENTATION_REPRESENTATION (  '', ( #859 ), #489 ) ;
#1010 = AXIS2_PLACEMENT_3D ( 'NONE', #169, #295, #1446 ) ;
#1011 = LINE ( 'NONE', #605, #1181 ) ;
#1012 = COLOUR_RGB ( '',0.7921568627450980005, 0.8196078431372548767, 0.9333333333333333481 ) ;
#1013 = CARTESIAN_POINT ( 'NONE',  ( -30.00000000000000000, -38.49999999999999289, 0.1900000000000009459 ) ) ;
#1014 = EDGE_CURVE ( 'NONE', #598, #865, #1103, .T. ) ;
#1015 =( NAMED_UNIT ( * ) PLANE_ANGLE_UNIT ( ) SI_UNIT ( $, .RADIAN. ) );
#1016 = ORIENTED_EDGE ( 'NONE', *, *, #38, .T. ) ;
#1017 = CARTESIAN_POINT ( 'NONE',  ( -2.178824183579817073E-15, -37.89999999999999147, 3.180000000000000160 ) ) ;
#1018 = LINE ( 'NONE', #1437, #1467 ) ;
#1019 = ORIENTED_EDGE ( 'NONE', *, *, #1190, .T. ) ;
#1020 = CARTESIAN_POINT ( 'NONE',  ( 3.000000000000002665, -9.899999999999995026, -0.9099999999999995870 ) ) ;
#1021 = FACE_OUTER_BOUND ( 'NONE', #1595, .T. ) ;
#1022 = DIRECTION ( 'NONE',  ( 1.000000000000000000, 0.000000000000000000, 0.000000000000000000 ) ) ;
#1023 = EDGE_CURVE ( 'NONE', #1498, #113, #1461, .T. ) ;
#1024 = FILL_AREA_STYLE_COLOUR ( '', #1681 ) ;
#1025 = ORIENTED_EDGE ( 'NONE', *, *, #344, .T. ) ;
#1026 = PLANE ( 'NONE',  #327 ) ;
#1027 = ORIENTED_EDGE ( 'NONE', *, *, #150, .F. ) ;
#1028 = FILL_AREA_STYLE ('',( #29 ) ) ;
#1029 = MECHANICAL_DESIGN_GEOMETRIC_PRESENTATION_REPRESENTATION (  '', ( #1824 ), #1414 ) ;
#1030 = DIRECTION ( 'NONE',  ( 1.000000000000000000, 0.000000000000000000, 0.000000000000000000 ) ) ;
#1031 = STYLED_ITEM ( 'NONE', ( #162 ), #1746 ) ;
#1032 = ORIENTED_EDGE ( 'NONE', *, *, #437, .T. ) ;
#1033 =( NAMED_UNIT ( * ) PLANE_ANGLE_UNIT ( ) SI_UNIT ( $, .RADIAN. ) );
#1034 = ORIENTED_EDGE ( 'NONE', *, *, #154, .T. ) ;
#1035 = ADVANCED_FACE ( 'NONE', ( #1472 ), #1220, .T. ) ;
#1036 = COLOUR_RGB ( '',0.9607843137254902244, 0.9607843137254902244, 0.9607843137254902244 ) ;
#1037 = VECTOR ( 'NONE', #921, 1000.000000000000000 ) ;
#1038 = STYLED_ITEM ( 'NONE', ( #710 ), #639 ) ;
#1039 = CIRCLE ( 'NONE', #913, 0.8999999999999989120 ) ;
#1040 = AXIS2_PLACEMENT_3D ( 'NONE', #797, #1826, #379 ) ;
#1041 = VECTOR ( 'NONE', #1030, 1000.000000000000000 ) ;
#1042 = CARTESIAN_POINT ( 'NONE',  ( -54.00000000000000000, -1.156482317317871291E-14, 3.180000000000000160 ) ) ;
#1043 = ORIENTED_EDGE ( 'NONE', *, *, #369, .T. ) ;
#1044 = FILL_AREA_STYLE ('',( #644 ) ) ;
#1045 = SURFACE_SIDE_STYLE ('',( #440 ) ) ;
#1046 = PRESENTATION_STYLE_ASSIGNMENT (( #589 ) ) ;
#1047 = CYLINDRICAL_SURFACE ( 'NONE', #274, 1.899999999999999023 ) ;
#1048 = ADVANCED_FACE ( 'NONE', ( #1328, #49 ), #189, .F. ) ;
#1049 = DIRECTION ( 'NONE',  ( -1.000000000000000000, 0.000000000000000000, 0.000000000000000000 ) ) ;
#1050 = ORIENTED_EDGE ( 'NONE', *, *, #1791, .F. ) ;
#1051 = LINE ( 'NONE', #1616, #1593 ) ;
#1052 = ORIENTED_EDGE ( 'NONE', *, *, #1524, .F. ) ;
#1053 = ADVANCED_FACE ( 'NONE', ( #769 ), #1760, .F. ) ;
#1054 = PRESENTATION_STYLE_ASSIGNMENT (( #76 ) ) ;
#1055 = FACE_OUTER_BOUND ( 'NONE', #160, .T. ) ;
#1056 = ORIENTED_EDGE ( 'NONE', *, *, #331, .F. ) ;
#1057 = DIRECTION ( 'NONE',  ( 1.000000000000000000, 0.000000000000000000, 0.000000000000000000 ) ) ;
#1058 = PRESENTATION_STYLE_ASSIGNMENT (( #1640 ) ) ;
#1059 = CARTESIAN_POINT ( 'NONE',  ( -57.50000000000000000, 0.000000000000000000, 0.000000000000000000 ) ) ;
#1060 = AXIS2_PLACEMENT_3D ( 'NONE', #771, #927, #1339 ) ;
#1061 = CARTESIAN_POINT ( 'NONE',  ( 53.99999999999999289, -32.39999999999999858, 3.180000000000000160 ) ) ;
#1062 = PRESENTATION_LAYER_ASSIGNMENT (  '', '', ( #1830 ) ) ;
#1063 = AXIS2_PLACEMENT_3D ( 'NONE', #1013, #1546, #397 ) ;
#1064 = VECTOR ( 'NONE', #841, 1000.000000000000000 ) ;
#1065 = AXIS2_PLACEMENT_3D ( 'NONE', #374, #1678, #664 ) ;
#1066 = VECTOR ( 'NONE', #1265, 1000.000000000000000 ) ;
#1067 = PRESENTATION_STYLE_ASSIGNMENT (( #889 ) ) ;
#1068 =( GEOMETRIC_REPRESENTATION_CONTEXT ( 3 ) GLOBAL_UNCERTAINTY_ASSIGNED_CONTEXT ( ( #965 ) ) GLOBAL_UNIT_ASSIGNED_CONTEXT ( ( #868, #27, #1306 ) ) REPRESENTATION_CONTEXT ( 'NONE', 'WORKASPACE' ) );
#1069 = EDGE_CURVE ( 'NONE', #1613, #898, #1125, .T. ) ;
#1070 = CARTESIAN_POINT ( 'NONE',  ( 53.99999999999999289, 32.39999999999999858, 3.180000000000000160 ) ) ;
#1071 = ORIENTED_EDGE ( 'NONE', *, *, #675, .F. ) ;
#1072 =( NAMED_UNIT ( * ) PLANE_ANGLE_UNIT ( ) SI_UNIT ( $, .RADIAN. ) );
#1073 =( GEOMETRIC_REPRESENTATION_CONTEXT ( 3 ) GLOBAL_UNCERTAINTY_ASSIGNED_CONTEXT ( ( #492 ) ) GLOBAL_UNIT_ASSIGNED_CONTEXT ( ( #1738, #166, #903 ) ) REPRESENTATION_CONTEXT ( 'NONE', 'WORKASPACE' ) );
#1074 = SURFACE_STYLE_FILL_AREA ( #81 ) ;
#1075 = CARTESIAN_POINT ( 'NONE',  ( 57.50000000000000000, 37.90000000000000568, 0.000000000000000000 ) ) ;
#1076 = SURFACE_SIDE_STYLE ('',( #1494 ) ) ;
#1077 = DIRECTION ( 'NONE',  ( 0.000000000000000000, -0.000000000000000000, 1.000000000000000000 ) ) ;
#1078 = ORIENTED_EDGE ( 'NONE', *, *, #1069, .T. ) ;
#1079 = ADVANCED_FACE ( 'NONE', ( #1659 ), #1399, .T. ) ;
#1080 = DIRECTION ( 'NONE',  ( 0.000000000000000000, -1.000000000000000000, 0.000000000000000000 ) ) ;
#1081 = CARTESIAN_POINT ( 'NONE',  ( 30.00000000000000000, -38.49999999999997868, -0.9099999999999995870 ) ) ;
#1082 = PRESENTATION_STYLE_ASSIGNMENT (( #1649 ) ) ;
#1083 = FACE_OUTER_BOUND ( 'NONE', #1109, .T. ) ;
#1084 = FILL_AREA_STYLE_COLOUR ( '', #949 ) ;
#1085 = PRESENTATION_STYLE_ASSIGNMENT (( #223 ) ) ;
#1086 = ORIENTED_EDGE ( 'NONE', *, *, #1349, .F. ) ;
#1087 = FILL_AREA_STYLE_COLOUR ( '', #1505 ) ;
#1088 = FILL_AREA_STYLE ('',( #1523 ) ) ;
#1089 = CARTESIAN_POINT ( 'NONE',  ( -30.00000000000000000, -38.49999999999997868, -0.9099999999999995870 ) ) ;
#1090 = DIRECTION ( 'NONE',  ( 1.000000000000000000, 0.000000000000000000, 0.000000000000000000 ) ) ;
#1091 = FILL_AREA_STYLE_COLOUR ( '', #1771 ) ;
#1092 = EDGE_CURVE ( 'NONE', #986, #598, #120, .T. ) ;
#1093 = VERTEX_POINT ( 'NONE', #1110 ) ;
#1094 = SURFACE_STYLE_FILL_AREA ( #93 ) ;
#1095 = COLOUR_RGB ( '',0.7450980392156862919, 0.4901960784313725283, 0.3333333333333333148 ) ;
#1096 = PRESENTATION_LAYER_ASSIGNMENT (  '', '', ( #1442 ) ) ;
#1097 = CARTESIAN_POINT ( 'NONE',  ( -30.00000000000000000, -38.49999999999997868, -1.409999999999999476 ) ) ;
#1098 = MECHANICAL_DESIGN_GEOMETRIC_PRESENTATION_REPRESENTATION (  '', ( #1154 ), #795 ) ;
#1099 = VECTOR ( 'NONE', #1754, 1000.000000000000000 ) ;
#1100 = ORIENTED_EDGE ( 'NONE', *, *, #1542, .T. ) ;
#1101 = SURFACE_STYLE_FILL_AREA ( #1088 ) ;
#1102 = VECTOR ( 'NONE', #480, 1000.000000000000000 ) ;
#1103 = CIRCLE ( 'NONE', #523, 2.999999999999999112 ) ;
#1104 = LINE ( 'NONE', #363, #1066 ) ;
#1105 = ORIENTED_EDGE ( 'NONE', *, *, #590, .T. ) ;
#1106 = FACE_OUTER_BOUND ( 'NONE', #1135, .T. ) ;
#1107 = EDGE_CURVE ( 'NONE', #1514, #113, #1522, .T. ) ;
#1108 = CARTESIAN_POINT ( 'NONE',  ( -54.00000000000000000, -1.156482317317871291E-14, 3.180000000000000160 ) ) ;
#1109 = EDGE_LOOP ( 'NONE', ( #1344, #1271, #894, #1396 ) ) ;
#1110 = CARTESIAN_POINT ( 'NONE',  ( -54.00000000000000711, 32.39999999999999858, 0.000000000000000000 ) ) ;
#1111 = DIRECTION ( 'NONE',  ( 0.000000000000000000, -1.000000000000000000, 0.000000000000000000 ) ) ;
#1112 = PRESENTATION_STYLE_ASSIGNMENT (( #1266 ) ) ;
#1113 = ORIENTED_EDGE ( 'NONE', *, *, #1373, .F. ) ;
#1114 =( NAMED_UNIT ( * ) SI_UNIT ( $, .STERADIAN. ) SOLID_ANGLE_UNIT ( ) );
#1115 = CARTESIAN_POINT ( 'NONE',  ( 30.00000000000000000, -12.89999999999999503, -0.9099999999999995870 ) ) ;
#1116 = DIRECTION ( 'NONE',  ( -1.000000000000000000, 0.000000000000000000, 0.000000000000000000 ) ) ;
#1117 = ORIENTED_EDGE ( 'NONE', *, *, #50, .T. ) ;
#1118 = DIRECTION ( 'NONE',  ( -0.000000000000000000, -0.000000000000000000, -1.000000000000000000 ) ) ;
#1119 = LINE ( 'NONE', #1543, #822 ) ;
#1120 = ORIENTED_EDGE ( 'NONE', *, *, #140, .F. ) ;
#1121 = FILL_AREA_STYLE ('',( #1389 ) ) ;
#1122 = FACE_OUTER_BOUND ( 'NONE', #10, .T. ) ;
#1123 = ORIENTED_EDGE ( 'NONE', *, *, #242, .F. ) ;
#1124 = CIRCLE ( 'NONE', #44, 0.8999999999999989120 ) ;
#1125 = LINE ( 'NONE', #400, #220 ) ;
#1126 = PRESENTATION_LAYER_ASSIGNMENT (  '', '', ( #214 ) ) ;
#1127 = ADVANCED_FACE ( 'NONE', ( #1666 ), #1790, .F. ) ;
#1128 = PRESENTATION_LAYER_ASSIGNMENT (  '', '', ( #828 ) ) ;
#1129 = FILL_AREA_STYLE ('',( #801 ) ) ;
#1130 = VERTEX_POINT ( 'NONE', #1707 ) ;
#1131 = MECHANICAL_DESIGN_GEOMETRIC_PRESENTATION_REPRESENTATION (  '', ( #645 ), #951 ) ;
#1132 = VERTEX_POINT ( 'NONE', #869 ) ;
#1133 = CARTESIAN_POINT ( 'NONE',  ( 26.99999999999999645, -12.89999999999999503, -1.909999999999999698 ) ) ;
#1134 = AXIS2_PLACEMENT_3D ( 'NONE', #453, #914, #749 ) ;
#1135 = EDGE_LOOP ( 'NONE', ( #1722, #1658, #371, #1673 ) ) ;
#1136 =( NAMED_UNIT ( * ) SI_UNIT ( $, .STERADIAN. ) SOLID_ANGLE_UNIT ( ) );
#1137 = DIRECTION ( 'NONE',  ( -1.000000000000000000, -0.000000000000000000, -0.000000000000000000 ) ) ;
#1138 =( LENGTH_UNIT ( ) NAMED_UNIT ( * ) SI_UNIT ( .MILLI., .METRE. ) );
#1139 = ORIENTED_EDGE ( 'NONE', *, *, #929, .F. ) ;
#1140 = CARTESIAN_POINT ( 'NONE',  ( 0.000000000000000000, -6.899999999999995914, -0.9099999999999995870 ) ) ;
#1141 = DIRECTION ( 'NONE',  ( -0.000000000000000000, -1.000000000000000000, 0.000000000000000000 ) ) ;
#1142 = SURFACE_STYLE_FILL_AREA ( #1583 ) ;
#1143 = LINE ( 'NONE', #1160, #1532 ) ;
#1144 = COLOUR_RGB ( '',0.7450980392156862919, 0.4901960784313725283, 0.3333333333333333148 ) ;
#1145 = ADVANCED_FACE ( 'NONE', ( #1311 ), #1577, .T. ) ;
#1146 = UNCERTAINTY_MEASURE_WITH_UNIT (LENGTH_MEASURE( 1.000000000000000082E-05 ), #1166, 'distance_accuracy_value', 'NONE');
#1147 = SURFACE_SIDE_STYLE ('',( #718 ) ) ;
#1148 =( GEOMETRIC_REPRESENTATION_CONTEXT ( 3 ) GLOBAL_UNCERTAINTY_ASSIGNED_CONTEXT ( ( #1247 ) ) GLOBAL_UNIT_ASSIGNED_CONTEXT ( ( #142, #1710, #313 ) ) REPRESENTATION_CONTEXT ( 'NONE', 'WORKASPACE' ) );
#1149 = LINE ( 'NONE', #1729, #1725 ) ;
#1150 = VECTOR ( 'NONE', #1137, 1000.000000000000000 ) ;
#1151 = AXIS2_PLACEMENT_3D ( 'NONE', #525, #690, #933 ) ;
#1152 = ORIENTED_EDGE ( 'NONE', *, *, #1504, .T. ) ;
#1153 = PRESENTATION_STYLE_ASSIGNMENT (( #445 ) ) ;
#1154 = STYLED_ITEM ( 'NONE', ( #924 ), #499 ) ;
#1155 = PRESENTATION_LAYER_ASSIGNMENT (  '', '', ( #1448 ) ) ;
#1156 = COLOUR_RGB ( '',0.7450980392156862919, 0.4901960784313725283, 0.3333333333333333148 ) ;
#1157 = EDGE_CURVE ( 'NONE', #686, #1679, #1298, .T. ) ;
#1158 = LINE ( 'NONE', #564, #731 ) ;
#1159 = LINE ( 'NONE', #1421, #1604 ) ;
#1160 = CARTESIAN_POINT ( 'NONE',  ( 0.000000000000000000, -32.39999999999999858, 0.000000000000000000 ) ) ;
#1161 = EDGE_LOOP ( 'NONE', ( #871, #321, #1835, #969 ) ) ;
#1162 = DIRECTION ( 'NONE',  ( -0.000000000000000000, 0.000000000000000000, 1.000000000000000000 ) ) ;
#1163 = CARTESIAN_POINT ( 'NONE',  ( 53.99999999999999289, -32.39999999999999858, 3.180000000000000160 ) ) ;
#1164 = SURFACE_SIDE_STYLE ('',( #434 ) ) ;
#1165 = DIRECTION ( 'NONE',  ( -1.000000000000000000, -0.000000000000000000, 0.000000000000000000 ) ) ;
#1166 =( LENGTH_UNIT ( ) NAMED_UNIT ( * ) SI_UNIT ( .MILLI., .METRE. ) );
#1167 = CARTESIAN_POINT ( 'NONE',  ( -57.50000000000000000, 37.90000000000000568, 0.000000000000000000 ) ) ;
#1168 = VERTEX_POINT ( 'NONE', #1557 ) ;
#1169 = SURFACE_STYLE_FILL_AREA ( #1304 ) ;
#1170 = FILL_AREA_STYLE ('',( #461 ) ) ;
#1171 = CARTESIAN_POINT ( 'NONE',  ( -60.35000000000000142, 0.000000000000000000, 3.180000000000000160 ) ) ;
#1172 = VECTOR ( 'NONE', #1080, 1000.000000000000000 ) ;
#1173 = PLANE ( 'NONE',  #1597 ) ;
#1174 = ORIENTED_EDGE ( 'NONE', *, *, #1524, .T. ) ;
#1175 = CARTESIAN_POINT ( 'NONE',  ( 26.99999999999999645, -12.89999999999999503, -0.9099999999999995870 ) ) ;
#1176 = EDGE_CURVE ( 'NONE', #865, #1132, #1159, .T. ) ;
#1177 =( NAMED_UNIT ( * ) SI_UNIT ( $, .STERADIAN. ) SOLID_ANGLE_UNIT ( ) );
#1178 = DIRECTION ( 'NONE',  ( -0.000000000000000000, -0.000000000000000000, -1.000000000000000000 ) ) ;
#1179 = PRESENTATION_STYLE_ASSIGNMENT (( #602 ) ) ;
#1180 =( GEOMETRIC_REPRESENTATION_CONTEXT ( 3 ) GLOBAL_UNCERTAINTY_ASSIGNED_CONTEXT ( ( #679 ) ) GLOBAL_UNIT_ASSIGNED_CONTEXT ( ( #1559, #1015, #1730 ) ) REPRESENTATION_CONTEXT ( 'NONE', 'WORKASPACE' ) );
#1181 = VECTOR ( 'NONE', #1732, 1000.000000000000000 ) ;
#1182 = LINE ( 'NONE', #1440, #1748 ) ;
#1183 = MECHANICAL_DESIGN_GEOMETRIC_PRESENTATION_REPRESENTATION (  '', ( #1450 ), #56 ) ;
#1184 = CARTESIAN_POINT ( 'NONE',  ( -30.00000000000000000, -38.49999999999997868, -1.909999999999999698 ) ) ;
#1185 = ORIENTED_EDGE ( 'NONE', *, *, #125, .T. ) ;
#1186 = SURFACE_STYLE_FILL_AREA ( #343 ) ;
#1187 = CARTESIAN_POINT ( 'NONE',  ( 60.35000000000000142, 0.000000000000000000, 0.000000000000000000 ) ) ;
#1188 = DIRECTION ( 'NONE',  ( 0.000000000000000000, 0.000000000000000000, -1.000000000000000000 ) ) ;
#1189 = DIRECTION ( 'NONE',  ( 0.000000000000000000, 1.000000000000000000, 0.000000000000000000 ) ) ;
#1190 = EDGE_CURVE ( 'NONE', #527, #1571, #1149, .T. ) ;
#1191 = DIRECTION ( 'NONE',  ( 1.000000000000000000, 0.000000000000000000, -0.000000000000000000 ) ) ;
#1192 = FILL_AREA_STYLE ('',( #1336 ) ) ;
#1193 = DIRECTION ( 'NONE',  ( -0.000000000000000000, -0.000000000000000000, -1.000000000000000000 ) ) ;
#1194 = ORIENTED_EDGE ( 'NONE', *, *, #1092, .T. ) ;
#1195 = PRESENTATION_STYLE_ASSIGNMENT (( #312 ) ) ;
#1196 = LINE ( 'NONE', #1221, #298 ) ;
#1197 = LINE ( 'NONE', #52, #640 ) ;
#1198 = CARTESIAN_POINT ( 'NONE',  ( -30.00000000000000000, -37.89999999999999147, 1.090000000000000524 ) ) ;
#1199 = PLANE ( 'NONE',  #1387 ) ;
#1200 = EDGE_CURVE ( 'NONE', #1529, #831, #1291, .T. ) ;
#1201 = PRESENTATION_STYLE_ASSIGNMENT (( #1591 ) ) ;
#1202 =( NAMED_UNIT ( * ) PLANE_ANGLE_UNIT ( ) SI_UNIT ( $, .RADIAN. ) );
#1203 = UNCERTAINTY_MEASURE_WITH_UNIT (LENGTH_MEASURE( 1.000000000000000082E-05 ), #910, 'distance_accuracy_value', 'NONE');
#1204 = VECTOR ( 'NONE', #588, 1000.000000000000000 ) ;
#1205 = ORIENTED_EDGE ( 'NONE', *, *, #1362, .F. ) ;
#1206 = CARTESIAN_POINT ( 'NONE',  ( 53.99999999999999289, 32.39999999999999858, 0.000000000000000000 ) ) ;
#1207 = DIRECTION ( 'NONE',  ( -0.000000000000000000, -0.000000000000000000, -1.000000000000000000 ) ) ;
#1208 = CARTESIAN_POINT ( 'NONE',  ( -0.000000000000000000, 32.39999999999999858, 0.000000000000000000 ) ) ;
#1209 = UNCERTAINTY_MEASURE_WITH_UNIT (LENGTH_MEASURE( 1.000000000000000082E-05 ), #1633, 'distance_accuracy_value', 'NONE');
#1210 = PLANE ( 'NONE',  #1273 ) ;
#1211 = VECTOR ( 'NONE', #1318, 1000.000000000000000 ) ;
#1212 = CARTESIAN_POINT ( 'NONE',  ( -60.35000000000000142, 37.90000000000000568, 0.000000000000000000 ) ) ;
#1213 = VECTOR ( 'NONE', #225, 1000.000000000000000 ) ;
#1214 = PRESENTATION_LAYER_ASSIGNMENT (  '', '', ( #518 ) ) ;
#1215 = PRESENTATION_LAYER_ASSIGNMENT (  '', '', ( #1154 ) ) ;
#1216 = EDGE_CURVE ( 'NONE', #1321, #586, #435, .T. ) ;
#1217 = COLOUR_RGB ( '',0.7450980392156862919, 0.4901960784313725283, 0.3333333333333333148 ) ;
#1218 = AXIS2_PLACEMENT_3D ( 'NONE', #1366, #528, #1674 ) ;
#1219 = ORIENTED_EDGE ( 'NONE', *, *, #150, .T. ) ;
#1220 = PLANE ( 'NONE',  #1602 ) ;
#1221 = CARTESIAN_POINT ( 'NONE',  ( -54.00000000000000711, 32.39999999999999858, 3.180000000000000160 ) ) ;
#1222 = PRESENTATION_LAYER_ASSIGNMENT (  '', '', ( #1248 ) ) ;
#1223 = DIRECTION ( 'NONE',  ( 2.141633920959021001E-16, -1.000000000000000000, 0.000000000000000000 ) ) ;
#1224 = DIRECTION ( 'NONE',  ( 0.000000000000000000, -0.000000000000000000, -1.000000000000000000 ) ) ;
#1225 = LINE ( 'NONE', #651, #1807 ) ;
#1226 = SURFACE_STYLE_USAGE ( .BOTH. , #377 ) ;
#1227 = ORIENTED_EDGE ( 'NONE', *, *, #1406, .F. ) ;
#1228 = DIRECTION ( 'NONE',  ( 1.000000000000000000, 0.000000000000000000, 0.000000000000000000 ) ) ;
#1229 = ADVANCED_FACE ( 'NONE', ( #1568 ), #430, .T. ) ;
#1230 = FACE_OUTER_BOUND ( 'NONE', #1506, .T. ) ;
#1231 = DIRECTION ( 'NONE',  ( 0.000000000000000000, -0.000000000000000000, -1.000000000000000000 ) ) ;
#1232 = UNCERTAINTY_MEASURE_WITH_UNIT (LENGTH_MEASURE( 1.000000000000000082E-05 ), #415, 'distance_accuracy_value', 'NONE');
#1233 =( LENGTH_UNIT ( ) NAMED_UNIT ( * ) SI_UNIT ( .MILLI., .METRE. ) );
#1234 = PRESENTATION_STYLE_ASSIGNMENT (( #1618 ) ) ;
#1235 =( NAMED_UNIT ( * ) PLANE_ANGLE_UNIT ( ) SI_UNIT ( $, .RADIAN. ) );
#1236 = ORIENTED_EDGE ( 'NONE', *, *, #1728, .F. ) ;
#1237 = EDGE_CURVE ( 'NONE', #474, #94, #1478, .T. ) ;
#1238 = ORIENTED_EDGE ( 'NONE', *, *, #533, .T. ) ;
#1239 = MECHANICAL_DESIGN_GEOMETRIC_PRESENTATION_REPRESENTATION (  '', ( #156 ), #1068 ) ;
#1240 = VECTOR ( 'NONE', #996, 1000.000000000000000 ) ;
#1241 = FACE_OUTER_BOUND ( 'NONE', #1415, .T. ) ;
#1242 = COLOUR_RGB ( '',0.7450980392156862919, 0.4901960784313725283, 0.3333333333333333148 ) ;
#1243 = VECTOR ( 'NONE', #267, 1000.000000000000000 ) ;
#1244 = ORIENTED_EDGE ( 'NONE', *, *, #872, .T. ) ;
#1245 = PRESENTATION_LAYER_ASSIGNMENT (  '', '', ( #192 ) ) ;
#1246 = DIRECTION ( 'NONE',  ( -1.000000000000000000, 0.000000000000000000, -0.000000000000000000 ) ) ;
#1247 = UNCERTAINTY_MEASURE_WITH_UNIT (LENGTH_MEASURE( 1.000000000000000082E-05 ), #142, 'distance_accuracy_value', 'NONE');
#1248 = STYLED_ITEM ( 'NONE', ( #1054 ), #1270 ) ;
#1249 = CYLINDRICAL_SURFACE ( 'NONE', #1644, 3.000000000000000000 ) ;
#1250 = ORIENTED_EDGE ( 'NONE', *, *, #1672, .F. ) ;
#1251 = EDGE_CURVE ( 'NONE', #1093, #1005, #1452, .T. ) ;
#1252 = SURFACE_SIDE_STYLE ('',( #850 ) ) ;
#1253 = MANIFOLD_SOLID_BREP ( 'Boss-Extrude2', #1471 ) ;
#1254 = EDGE_LOOP ( 'NONE', ( #210, #662, #1365, #857 ) ) ;
#1255 = SURFACE_SIDE_STYLE ('',( #516 ) ) ;
#1256 = CARTESIAN_POINT ( 'NONE',  ( -30.00000000000000000, -40.39999999999999147, 0.1899999999999905098 ) ) ;
#1257 = CARTESIAN_POINT ( 'NONE',  ( -30.00000000000000000, -40.39999999999999147, -0.009999999999985961091 ) ) ;
#1258 = ORIENTED_EDGE ( 'NONE', *, *, #1023, .F. ) ;
#1259 = EDGE_CURVE ( 'NONE', #1679, #539, #251, .T. ) ;
#1260 = SURFACE_STYLE_FILL_AREA ( #1372 ) ;
#1261 = MANIFOLD_SOLID_BREP ( 'Boss-Extrude3', #1441 ) ;
#1262 = ORIENTED_EDGE ( 'NONE', *, *, #1419, .F. ) ;
#1263 =( NAMED_UNIT ( * ) PLANE_ANGLE_UNIT ( ) SI_UNIT ( $, .RADIAN. ) );
#1264 = PRESENTATION_STYLE_ASSIGNMENT (( #129 ) ) ;
#1265 = DIRECTION ( 'NONE',  ( -0.000000000000000000, -0.000000000000000000, 1.000000000000000000 ) ) ;
#1266 = SURFACE_STYLE_USAGE ( .BOTH. , #115 ) ;
#1267 = EDGE_LOOP ( 'NONE', ( #457, #723, #1258, #1238 ) ) ;
#1268 = COLOUR_RGB ( '',0.8431372549019607865, 0.8431372549019607865, 0.8431372549019607865 ) ;
#1269 = SURFACE_SIDE_STYLE ('',( #994 ) ) ;
#1270 = ADVANCED_FACE ( 'NONE', ( #319 ), #765, .T. ) ;
#1271 = ORIENTED_EDGE ( 'NONE', *, *, #533, .F. ) ;
#1272 =( NAMED_UNIT ( * ) SI_UNIT ( $, .STERADIAN. ) SOLID_ANGLE_UNIT ( ) );
#1273 = AXIS2_PLACEMENT_3D ( 'NONE', #778, #1189, #1331 ) ;
#1274 = SURFACE_SIDE_STYLE ('',( #237 ) ) ;
#1275 = MECHANICAL_DESIGN_GEOMETRIC_PRESENTATION_REPRESENTATION (  '', ( #946 ), #247 ) ;
#1276 = DIRECTION ( 'NONE',  ( -0.000000000000000000, 0.000000000000000000, 1.000000000000000000 ) ) ;
#1277 = VECTOR ( 'NONE', #382, 1000.000000000000000 ) ;
#1278 = LINE ( 'NONE', #1017, #735 ) ;
#1279 = CIRCLE ( 'NONE', #830, 2.999999999999999112 ) ;
#1280 = ORIENTED_EDGE ( 'NONE', *, *, #641, .T. ) ;
#1281 = SURFACE_SIDE_STYLE ('',( #233 ) ) ;
#1282 = COLOUR_RGB ( '',0.7921568627450980005, 0.8196078431372548767, 0.9333333333333333481 ) ;
#1283 = LINE ( 'NONE', #974, #1064 ) ;
#1284 = DIRECTION ( 'NONE',  ( 1.000000000000000000, 0.000000000000000000, 0.000000000000000000 ) ) ;
#1285 =( NAMED_UNIT ( * ) PLANE_ANGLE_UNIT ( ) SI_UNIT ( $, .RADIAN. ) );
#1286 = APPLICATION_PROTOCOL_DEFINITION ( 'draft international standard', 'automotive_design', 1998, #565 ) ;
#1287 = CARTESIAN_POINT ( 'NONE',  ( 57.50000000000000000, 5.900000000000002132, 0.000000000000000000 ) ) ;
#1288 = ORIENTED_EDGE ( 'NONE', *, *, #750, .F. ) ;
#1289 =( LENGTH_UNIT ( ) NAMED_UNIT ( * ) SI_UNIT ( .MILLI., .METRE. ) );
#1290 = CARTESIAN_POINT ( 'NONE',  ( -30.00000000000000000, -37.89999999999999147, 1.590000000000000524 ) ) ;
#1291 = LINE ( 'NONE', #853, #1367 ) ;
#1292 = ORIENTED_EDGE ( 'NONE', *, *, #97, .T. ) ;
#1293 =( NAMED_UNIT ( * ) PLANE_ANGLE_UNIT ( ) SI_UNIT ( $, .RADIAN. ) );
#1294 = CARTESIAN_POINT ( 'NONE',  ( 0.000000000000000000, -6.899999999999995914, -1.909999999999999698 ) ) ;
#1295 = ADVANCED_FACE ( 'NONE', ( #1241 ), #535, .F. ) ;
#1296 =( LENGTH_UNIT ( ) NAMED_UNIT ( * ) SI_UNIT ( .MILLI., .METRE. ) );
#1297 =( NAMED_UNIT ( * ) PLANE_ANGLE_UNIT ( ) SI_UNIT ( $, .RADIAN. ) );
#1298 = LINE ( 'NONE', #20, #953 ) ;
#1299 =( GEOMETRIC_REPRESENTATION_CONTEXT ( 3 ) GLOBAL_UNCERTAINTY_ASSIGNED_CONTEXT ( ( #526 ) ) GLOBAL_UNIT_ASSIGNED_CONTEXT ( ( #717, #569, #1575 ) ) REPRESENTATION_CONTEXT ( 'NONE', 'WORKASPACE' ) );
#1300 = VECTOR ( 'NONE', #98, 1000.000000000000000 ) ;
#1301 = MECHANICAL_DESIGN_GEOMETRIC_PRESENTATION_REPRESENTATION (  '', ( #214 ), #978 ) ;
#1302 = FILL_AREA_STYLE ('',( #1700 ) ) ;
#1303 = ORIENTED_EDGE ( 'NONE', *, *, #732, .T. ) ;
#1304 = FILL_AREA_STYLE ('',( #290 ) ) ;
#1305 = STYLED_ITEM ( 'NONE', ( #1610 ), #724 ) ;
#1306 =( NAMED_UNIT ( * ) SI_UNIT ( $, .STERADIAN. ) SOLID_ANGLE_UNIT ( ) );
#1307 = COLOUR_RGB ( '',0.7450980392156862919, 0.4901960784313725283, 0.3333333333333333148 ) ;
#1308 = MECHANICAL_DESIGN_GEOMETRIC_PRESENTATION_REPRESENTATION (  '', ( #1750 ), #163 ) ;
#1309 = PLANE ( 'NONE',  #981 ) ;
#1310 = AXIS2_PLACEMENT_3D ( 'NONE', #1764, #608, #64 ) ;
#1311 = FACE_OUTER_BOUND ( 'NONE', #1755, .T. ) ;
#1312 = SURFACE_STYLE_USAGE ( .BOTH. , #1430 ) ;
#1313 = ORIENTED_EDGE ( 'NONE', *, *, #596, .F. ) ;
#1314 = DIRECTION ( 'NONE',  ( 1.000000000000000000, -5.748876473825375650E-17, 0.000000000000000000 ) ) ;
#1315 = CARTESIAN_POINT ( 'NONE',  ( -60.35000000000000142, 0.000000000000000000, 3.180000000000000160 ) ) ;
#1316 = SURFACE_SIDE_STYLE ('',( #283 ) ) ;
#1317 = EDGE_CURVE ( 'NONE', #291, #114, #1358, .T. ) ;
#1318 = DIRECTION ( 'NONE',  ( -0.000000000000000000, 1.000000000000000000, 0.000000000000000000 ) ) ;
#1319 = FILL_AREA_STYLE_COLOUR ( '', #1012 ) ;
#1320 = SURFACE_STYLE_FILL_AREA ( #1584 ) ;
#1321 = VERTEX_POINT ( 'NONE', #945 ) ;
#1322 = LINE ( 'NONE', #170, #1204 ) ;
#1323 = CARTESIAN_POINT ( 'NONE',  ( -30.00000000000000000, -38.49999999999999289, 0.1900000000000009459 ) ) ;
#1324 = SURFACE_STYLE_FILL_AREA ( #1479 ) ;
#1325 = VECTOR ( 'NONE', #855, 1000.000000000000000 ) ;
#1326 = CARTESIAN_POINT ( 'NONE',  ( 53.99999999999999289, -32.39999999999999858, 0.000000000000000000 ) ) ;
#1327 = EDGE_LOOP ( 'NONE', ( #1086, #403, #957, #1105 ) ) ;
#1328 = FACE_OUTER_BOUND ( 'NONE', #1742, .T. ) ;
#1329 = VECTOR ( 'NONE', #1720, 1000.000000000000000 ) ;
#1330 = CARTESIAN_POINT ( 'NONE',  ( 2.178824183579817862E-15, 37.90000000000000568, 3.180000000000000160 ) ) ;
#1331 = DIRECTION ( 'NONE',  ( 0.000000000000000000, -0.000000000000000000, 1.000000000000000000 ) ) ;
#1332 = FILL_AREA_STYLE ('',( #92 ) ) ;
#1333 = CARTESIAN_POINT ( 'NONE',  ( 0.000000000000000000, 0.000000000000000000, 0.000000000000000000 ) ) ;
#1334 = PRESENTATION_LAYER_ASSIGNMENT (  '', '', ( #859 ) ) ;
#1335 = PRESENTATION_LAYER_ASSIGNMENT (  '', '', ( #1450 ) ) ;
#1336 = FILL_AREA_STYLE_COLOUR ( '', #164 ) ;
#1337 = ORIENTED_EDGE ( 'NONE', *, *, #872, .F. ) ;
#1338 = FILL_AREA_STYLE_COLOUR ( '', #916 ) ;
#1339 = DIRECTION ( 'NONE',  ( -0.000000000000000000, 0.000000000000000000, -1.000000000000000000 ) ) ;
#1340 = ADVANCED_FACE ( 'NONE', ( #250 ), #1535, .T. ) ;
#1341 = DIRECTION ( 'NONE',  ( 1.000000000000000000, -0.000000000000000000, 0.000000000000000000 ) ) ;
#1342 = SURFACE_SIDE_STYLE ('',( #195 ) ) ;
#1343 =( LENGTH_UNIT ( ) NAMED_UNIT ( * ) SI_UNIT ( .MILLI., .METRE. ) );
#1344 = ORIENTED_EDGE ( 'NONE', *, *, #1251, .T. ) ;
#1345 = SURFACE_SIDE_STYLE ('',( #60 ) ) ;
#1346 = CARTESIAN_POINT ( 'NONE',  ( 57.50000000000000000, 5.900000000000002132, 0.000000000000000000 ) ) ;
#1347 = CARTESIAN_POINT ( 'NONE',  ( 53.99999999999999289, -32.39999999999999858, 3.180000000000000160 ) ) ;
#1348 = PLANE ( 'NONE',  #1447 ) ;
#1349 = EDGE_CURVE ( 'NONE', #1093, #934, #956, .T. ) ;
#1350 = CARTESIAN_POINT ( 'NONE',  ( 2.178824183579817862E-15, 37.90000000000000568, 3.180000000000000160 ) ) ;
#1351 =( GEOMETRIC_REPRESENTATION_CONTEXT ( 3 ) GLOBAL_UNCERTAINTY_ASSIGNED_CONTEXT ( ( #372 ) ) GLOBAL_UNIT_ASSIGNED_CONTEXT ( ( #512, #1235, #118 ) ) REPRESENTATION_CONTEXT ( 'NONE', 'WORKASPACE' ) );
#1352 = FILL_AREA_STYLE ('',( #58 ) ) ;
#1353 = ORIENTED_EDGE ( 'NONE', *, *, #38, .F. ) ;
#1354 = CARTESIAN_POINT ( 'NONE',  ( 0.000000000000000000, 0.000000000000000000, 0.000000000000000000 ) ) ;
#1355 = LINE ( 'NONE', #1081, #604 ) ;
#1356 = FILL_AREA_STYLE_COLOUR ( '', #185 ) ;
#1357 = UNCERTAINTY_MEASURE_WITH_UNIT (LENGTH_MEASURE( 1.000000000000000082E-05 ), #131, 'distance_accuracy_value', 'NONE');
#1358 = CIRCLE ( 'NONE', #1151, 1.899999999999999023 ) ;
#1359 = SURFACE_STYLE_FILL_AREA ( #348 ) ;
#1360 = MECHANICAL_DESIGN_GEOMETRIC_PRESENTATION_REPRESENTATION (  '', ( #300 ), #549 ) ;
#1361 = VECTOR ( 'NONE', #1224, 1000.000000000000000 ) ;
#1362 = EDGE_CURVE ( 'NONE', #527, #1130, #15, .T. ) ;
#1363 =( NAMED_UNIT ( * ) SI_UNIT ( $, .STERADIAN. ) SOLID_ANGLE_UNIT ( ) );
#1364 =( GEOMETRIC_REPRESENTATION_CONTEXT ( 3 ) GLOBAL_UNCERTAINTY_ASSIGNED_CONTEXT ( ( #603 ) ) GLOBAL_UNIT_ASSIGNED_CONTEXT ( ( #1507, #1263, #1539 ) ) REPRESENTATION_CONTEXT ( 'NONE', 'WORKASPACE' ) );
#1365 = ORIENTED_EDGE ( 'NONE', *, *, #413, .T. ) ;
#1366 = CARTESIAN_POINT ( 'NONE',  ( -30.00000000000000000, -9.899999999999995026, -1.409999999999999476 ) ) ;
#1367 = VECTOR ( 'NONE', #137, 1000.000000000000000 ) ;
#1368 = SURFACE_SIDE_STYLE ('',( #1811 ) ) ;
#1369 = DIRECTION ( 'NONE',  ( 0.000000000000000000, 0.000000000000000000, -1.000000000000000000 ) ) ;
#1370 = DIRECTION ( 'NONE',  ( -0.000000000000000000, 0.000000000000000000, -1.000000000000000000 ) ) ;
#1371 = UNCERTAINTY_MEASURE_WITH_UNIT (LENGTH_MEASURE( 1.000000000000000082E-05 ), #1343, 'distance_accuracy_value', 'NONE');
#1372 = FILL_AREA_STYLE ('',( #1664 ) ) ;
#1373 = EDGE_CURVE ( 'NONE', #1613, #1671, #285, .T. ) ;
#1374 = VERTEX_POINT ( 'NONE', #277 ) ;
#1375 = CARTESIAN_POINT ( 'NONE',  ( 30.00000000000000000, -12.89999999999999503, 1.590000000000000524 ) ) ;
#1376 = LINE ( 'NONE', #1648, #1300 ) ;
#1377 = SURFACE_SIDE_STYLE ('',( #1497 ) ) ;
#1378 = VERTEX_POINT ( 'NONE', #861 ) ;
#1379 = CARTESIAN_POINT ( 'NONE',  ( 53.99999999999999289, 32.39999999999999858, 0.000000000000000000 ) ) ;
#1380 = DIRECTION ( 'NONE',  ( -1.000000000000000000, 0.000000000000000000, 0.000000000000000000 ) ) ;
#1381 = ADVANCED_FACE ( 'NONE', ( #1021 ), #316, .F. ) ;
#1382 = CARTESIAN_POINT ( 'NONE',  ( 0.000000000000000000, 6.756708850049371051, -1.909999999999999698 ) ) ;
#1383 = MECHANICAL_DESIGN_GEOMETRIC_PRESENTATION_REPRESENTATION (  '', ( #446 ), #942 ) ;
#1384 = ORIENTED_EDGE ( 'NONE', *, *, #1107, .T. ) ;
#1385 = COLOUR_RGB ( '',0.7921568627450980005, 0.8196078431372548767, 0.9333333333333333481 ) ;
#1386 = COLOUR_RGB ( '',0.8431372549019607865, 0.8431372549019607865, 0.8431372549019607865 ) ;
#1387 = AXIS2_PLACEMENT_3D ( 'NONE', #340, #1489, #467 ) ;
#1388 = AXIS2_PLACEMENT_3D ( 'NONE', #1097, #1657, #370 ) ;
#1389 = FILL_AREA_STYLE_COLOUR ( '', #424 ) ;
#1390 = ORIENTED_EDGE ( 'NONE', *, *, #390, .F. ) ;
#1391 = PRESENTATION_LAYER_ASSIGNMENT (  '', '', ( #1750 ) ) ;
#1392 = PRESENTATION_LAYER_ASSIGNMENT (  '', '', ( #339 ) ) ;
#1393 = EDGE_LOOP ( 'NONE', ( #685, #1560, #1687, #153 ) ) ;
#1394 = SURFACE_SIDE_STYLE ('',( #1527 ) ) ;
#1395 = ADVANCED_FACE ( 'NONE', ( #1684 ), #711, .F. ) ;
#1396 = ORIENTED_EDGE ( 'NONE', *, *, #1777, .T. ) ;
#1397 = DIRECTION ( 'NONE',  ( 0.000000000000000000, 1.000000000000000000, 0.000000000000000000 ) ) ;
#1398 = VERTEX_POINT ( 'NONE', #580 ) ;
#1399 = PLANE ( 'NONE',  #1218 ) ;
#1400 = DIRECTION ( 'NONE',  ( 0.000000000000000000, -0.000000000000000000, -1.000000000000000000 ) ) ;
#1401 = LINE ( 'NONE', #1525, #1213 ) ;
#1402 = ORIENTED_EDGE ( 'NONE', *, *, #627, .F. ) ;
#1403 = FACE_OUTER_BOUND ( 'NONE', #59, .T. ) ;
#1404 = EDGE_LOOP ( 'NONE', ( #1825, #550, #294, #966 ) ) ;
#1405 = CARTESIAN_POINT ( 'NONE',  ( -2.178824183579817073E-15, -37.89999999999999147, 3.180000000000000160 ) ) ;
#1406 = EDGE_CURVE ( 'NONE', #1168, #527, #1158, .T. ) ;
#1407 = FACE_OUTER_BOUND ( 'NONE', #66, .T. ) ;
#1408 = CARTESIAN_POINT ( 'NONE',  ( -30.00000000000000000, -38.49999999999999289, -0.009999999999999809389 ) ) ;
#1409 = ORIENTED_EDGE ( 'NONE', *, *, #74, .F. ) ;
#1410 = DIRECTION ( 'NONE',  ( 0.000000000000000000, -0.000000000000000000, -1.000000000000000000 ) ) ;
#1411 =( NAMED_UNIT ( * ) SI_UNIT ( $, .STERADIAN. ) SOLID_ANGLE_UNIT ( ) );
#1412 = DIRECTION ( 'NONE',  ( 0.000000000000000000, -1.000000000000000000, 0.000000000000000000 ) ) ;
#1413 = PRESENTATION_STYLE_ASSIGNMENT (( #980 ) ) ;
#1414 =( GEOMETRIC_REPRESENTATION_CONTEXT ( 3 ) GLOBAL_UNCERTAINTY_ASSIGNED_CONTEXT ( ( #1784 ) ) GLOBAL_UNIT_ASSIGNED_CONTEXT ( ( #652, #496, #1363 ) ) REPRESENTATION_CONTEXT ( 'NONE', 'WORKASPACE' ) );
#1415 = EDGE_LOOP ( 'NONE', ( #1016, #1194, #411, #696, #48, #387, #1262, #611, #262, #1280, #630, #925 ) ) ;
#1416 = PRESENTATION_LAYER_ASSIGNMENT (  '', '', ( #544 ) ) ;
#1417 = CARTESIAN_POINT ( 'NONE',  ( -60.35000000000000142, 37.90000000000000568, 3.180000000000000160 ) ) ;
#1418 =( NAMED_UNIT ( * ) SI_UNIT ( $, .STERADIAN. ) SOLID_ANGLE_UNIT ( ) );
#1419 = EDGE_CURVE ( 'NONE', #1766, #1841, #1000, .T. ) ;
#1420 = VECTOR ( 'NONE', #191, 1000.000000000000000 ) ;
#1421 = CARTESIAN_POINT ( 'NONE',  ( 26.99999999999999645, -9.899999999999995026, -1.409999999999999476 ) ) ;
#1422 = CARTESIAN_POINT ( 'NONE',  ( 0.000000000000000000, 0.000000000000000000, 0.000000000000000000 ) ) ;
#1423 = AXIS2_PLACEMENT_3D ( 'NONE', #1323, #1726, #151 ) ;
#1424 = SURFACE_STYLE_FILL_AREA ( #1302 ) ;
#1425 = FACE_OUTER_BOUND ( 'NONE', #1404, .T. ) ;
#1426 = ORIENTED_EDGE ( 'NONE', *, *, #882, .T. ) ;
#1427 = DIRECTION ( 'NONE',  ( 1.000000000000000000, 0.000000000000000000, 0.000000000000000000 ) ) ;
#1428 = CARTESIAN_POINT ( 'NONE',  ( -30.00000000000000000, -39.39999999999999147, 0.1899999999999905098 ) ) ;
#1429 = ADVANCED_FACE ( 'NONE', ( #1122 ), #1210, .F. ) ;
#1430 = SURFACE_SIDE_STYLE ('',( #1424 ) ) ;
#1431 = EDGE_LOOP ( 'NONE', ( #108, #235, #982, #1019 ) ) ;
#1432 =( LENGTH_UNIT ( ) NAMED_UNIT ( * ) SI_UNIT ( .MILLI., .METRE. ) );
#1433 = SURFACE_STYLE_FILL_AREA ( #259 ) ;
#1434 = CARTESIAN_POINT ( 'NONE',  ( 30.00000000000000000, -37.89999999999999147, 1.590000000000000524 ) ) ;
#1435 = EDGE_LOOP ( 'NONE', ( #1538, #917, #443, #1481 ) ) ;
#1436 =( LENGTH_UNIT ( ) NAMED_UNIT ( * ) SI_UNIT ( .MILLI., .METRE. ) );
#1437 = CARTESIAN_POINT ( 'NONE',  ( -30.00000000000000000, -40.39999999999999147, -0.009999999999989617888 ) ) ;
#1438 = VERTEX_POINT ( 'NONE', #469 ) ;
#1439 = PRODUCT_RELATED_PRODUCT_CATEGORY ( 'part', '', ( #158 ) ) ;
#1440 = CARTESIAN_POINT ( 'NONE',  ( 57.50000000000000000, 37.90000000000000568, -5.339999999999998970 ) ) ;
#1441 = CLOSED_SHELL ( 'NONE', ( #1395, #286, #12, #1746, #1145, #103 ) ) ;
#1442 = STYLED_ITEM ( 'NONE', ( #663 ), #286 ) ;
#1443 = COLOUR_RGB ( '',0.7450980392156862919, 0.4901960784313725283, 0.3333333333333333148 ) ;
#1444 = CARTESIAN_POINT ( 'NONE',  ( 60.35000000000000142, 37.90000000000000568, 3.180000000000000160 ) ) ;
#1445 = ORIENTED_EDGE ( 'NONE', *, *, #242, .T. ) ;
#1446 = DIRECTION ( 'NONE',  ( -1.000000000000000000, 0.000000000000000000, -0.000000000000000000 ) ) ;
#1447 = AXIS2_PLACEMENT_3D ( 'NONE', #673, #1518, #123 ) ;
#1448 = STYLED_ITEM ( 'NONE', ( #532 ), #896 ) ;
#1449 = EDGE_CURVE ( 'NONE', #1438, #474, #1626, .T. ) ;
#1450 = STYLED_ITEM ( 'NONE', ( #813 ), #1127 ) ;
#1451 = DIRECTION ( 'NONE',  ( 0.000000000000000000, -1.000000000000000000, 0.000000000000000000 ) ) ;
#1452 = LINE ( 'NONE', #1776, #1041 ) ;
#1453 =( NAMED_UNIT ( * ) SI_UNIT ( $, .STERADIAN. ) SOLID_ANGLE_UNIT ( ) );
#1454 = ORIENTED_EDGE ( 'NONE', *, *, #1157, .T. ) ;
#1455 = PLANE ( 'NONE',  #281 ) ;
#1456 = CARTESIAN_POINT ( 'NONE',  ( 30.00000000000000000, -37.89999999999999147, 2.090000000000000746 ) ) ;
#1457 = FILL_AREA_STYLE ('',( #13 ) ) ;
#1458 = FILL_AREA_STYLE_COLOUR ( '', #1282 ) ;
#1459 = CARTESIAN_POINT ( 'NONE',  ( 30.00000000000000000, -38.49999999999999289, -0.009999999999999809389 ) ) ;
#1460 = ORIENTED_EDGE ( 'NONE', *, *, #1791, .T. ) ;
#1461 = LINE ( 'NONE', #753, #460 ) ;
#1462 = FILL_AREA_STYLE ('',( #594 ) ) ;
#1463 = SURFACE_SIDE_STYLE ('',( #346 ) ) ;
#1464 = UNCERTAINTY_MEASURE_WITH_UNIT (LENGTH_MEASURE( 1.000000000000000082E-05 ), #1806, 'distance_accuracy_value', 'NONE');
#1465 = CARTESIAN_POINT ( 'NONE',  ( -54.00000000000000000, -1.156482317317871291E-14, 0.000000000000000000 ) ) ;
#1466 = DIRECTION ( 'NONE',  ( -1.000000000000000000, -0.000000000000000000, -0.000000000000000000 ) ) ;
#1467 = VECTOR ( 'NONE', #1581, 1000.000000000000000 ) ;
#1468 = EDGE_CURVE ( 'NONE', #1130, #1759, #55, .T. ) ;
#1469 = LINE ( 'NONE', #767, #332 ) ;
#1470 = ORIENTED_EDGE ( 'NONE', *, *, #750, .T. ) ;
#1471 = CLOSED_SHELL ( 'NONE', ( #991, #1598, #1053, #1429, #1035, #849 ) ) ;
#1472 = FACE_OUTER_BOUND ( 'NONE', #232, .T. ) ;
#1473 = SURFACE_STYLE_FILL_AREA ( #1614 ) ;
#1474 = MECHANICAL_DESIGN_GEOMETRIC_PRESENTATION_REPRESENTATION (  '', ( #1442 ), #1714 ) ;
#1475 = PRESENTATION_LAYER_ASSIGNMENT (  '', '', ( #1305 ) ) ;
#1476 = PLANE ( 'NONE',  #1739 ) ;
#1477 = CYLINDRICAL_SURFACE ( 'NONE', #302, 0.8999999999999989120 ) ;
#1478 = CIRCLE ( 'NONE', #1134, 0.8999999999999991340 ) ;
#1479 = FILL_AREA_STYLE ('',( #1458 ) ) ;
#1480 = SURFACE_SIDE_STYLE ('',( #1631 ) ) ;
#1481 = ORIENTED_EDGE ( 'NONE', *, *, #653, .T. ) ;
#1482 = SURFACE_STYLE_USAGE ( .BOTH. , #631 ) ;
#1483 = EDGE_CURVE ( 'NONE', #806, #1498, #1051, .T. ) ;
#1484 =( LENGTH_UNIT ( ) NAMED_UNIT ( * ) SI_UNIT ( .MILLI., .METRE. ) );
#1485 = LINE ( 'NONE', #206, #421 ) ;
#1486 = UNCERTAINTY_MEASURE_WITH_UNIT (LENGTH_MEASURE( 1.000000000000000082E-05 ), #940, 'distance_accuracy_value', 'NONE');
#1487 = LINE ( 'NONE', #1795, #1503 ) ;
#1488 = ORIENTED_EDGE ( 'NONE', *, *, #1728, .T. ) ;
#1489 = DIRECTION ( 'NONE',  ( 0.000000000000000000, 1.000000000000000000, 0.000000000000000000 ) ) ;
#1490 = SURFACE_STYLE_USAGE ( .BOTH. , #1741 ) ;
#1491 = ORIENTED_EDGE ( 'NONE', *, *, #596, .T. ) ;
#1492 = LINE ( 'NONE', #61, #1589 ) ;
#1493 = DIRECTION ( 'NONE',  ( -0.000000000000000000, -0.000000000000000000, -1.000000000000000000 ) ) ;
#1494 = SURFACE_STYLE_FILL_AREA ( #635 ) ;
#1495 = PRODUCT_DEFINITION ( 'UNKNOWN', '', #852, #468 ) ;
#1496 =( NAMED_UNIT ( * ) PLANE_ANGLE_UNIT ( ) SI_UNIT ( $, .RADIAN. ) );
#1497 = SURFACE_STYLE_FILL_AREA ( #385 ) ;
#1498 = VERTEX_POINT ( 'NONE', #325 ) ;
#1499 = DIRECTION ( 'NONE',  ( -0.000000000000000000, 0.000000000000000000, 1.000000000000000000 ) ) ;
#1500 = SURFACE_SIDE_STYLE ('',( #684 ) ) ;
#1501 = DIRECTION ( 'NONE',  ( 1.000000000000000000, 0.000000000000000000, 0.000000000000000000 ) ) ;
#1502 =( GEOMETRIC_REPRESENTATION_CONTEXT ( 3 ) GLOBAL_UNCERTAINTY_ASSIGNED_CONTEXT ( ( #503 ) ) GLOBAL_UNIT_ASSIGNED_CONTEXT ( ( #326, #788, #355 ) ) REPRESENTATION_CONTEXT ( 'NONE', 'WORKASPACE' ) );
#1503 = VECTOR ( 'NONE', #647, 1000.000000000000000 ) ;
#1504 = EDGE_CURVE ( 'NONE', #702, #865, #773, .T. ) ;
#1505 = COLOUR_RGB ( '',0.7450980392156862919, 0.4901960784313725283, 0.3333333333333333148 ) ;
#1506 = EDGE_LOOP ( 'NONE', ( #1236, #1736, #536, #643 ) ) ;
#1507 =( LENGTH_UNIT ( ) NAMED_UNIT ( * ) SI_UNIT ( .MILLI., .METRE. ) );
#1508 = DIRECTION ( 'NONE',  ( 0.000000000000000000, 1.000000000000000000, 0.000000000000000000 ) ) ;
#1509 = MECHANICAL_DESIGN_GEOMETRIC_PRESENTATION_REPRESENTATION (  '', ( #834 ), #1073 ) ;
#1510 = CARTESIAN_POINT ( 'NONE',  ( 2.178824183579817862E-15, 37.90000000000000568, 0.000000000000000000 ) ) ;
#1511 = FILL_AREA_STYLE_COLOUR ( '', #1307 ) ;
#1512 =( NAMED_UNIT ( * ) PLANE_ANGLE_UNIT ( ) SI_UNIT ( $, .RADIAN. ) );
#1513 = EDGE_CURVE ( 'NONE', #747, #992, #617, .T. ) ;
#1514 = VERTEX_POINT ( 'NONE', #338 ) ;
#1515 =( NAMED_UNIT ( * ) SI_UNIT ( $, .STERADIAN. ) SOLID_ANGLE_UNIT ( ) );
#1516 = DIRECTION ( 'NONE',  ( 0.000000000000000000, -1.000000000000000000, 0.000000000000000000 ) ) ;
#1517 = CARTESIAN_POINT ( 'NONE',  ( 0.000000000000000000, -32.39999999999999858, 0.000000000000000000 ) ) ;
#1518 = DIRECTION ( 'NONE',  ( -0.000000000000000000, 0.000000000000000000, 1.000000000000000000 ) ) ;
#1519 = VERTEX_POINT ( 'NONE', #500 ) ;
#1520 = CARTESIAN_POINT ( 'NONE',  ( 0.000000000000000000, 6.756708850049370163, -1.409999999999999476 ) ) ;
#1521 = VERTEX_POINT ( 'NONE', #62 ) ;
#1522 = LINE ( 'NONE', #655, #396 ) ;
#1523 = FILL_AREA_STYLE_COLOUR ( '', #269 ) ;
#1524 = EDGE_CURVE ( 'NONE', #1130, #291, #347, .T. ) ;
#1525 = CARTESIAN_POINT ( 'NONE',  ( 0.000000000000000000, 32.39999999999999858, 3.180000000000000160 ) ) ;
#1526 = ORIENTED_EDGE ( 'NONE', *, *, #1190, .F. ) ;
#1527 = SURFACE_STYLE_FILL_AREA ( #847 ) ;
#1528 = PRESENTATION_LAYER_ASSIGNMENT (  '', '', ( #571 ) ) ;
#1529 = VERTEX_POINT ( 'NONE', #626 ) ;
#1530 = PLANE ( 'NONE',  #553 ) ;
#1531 = CLOSED_SHELL ( 'NONE', ( #1079, #1340, #1295, #724, #1586, #701, #1837, #201, #941, #938, #840, #1127, #1381, #254, #1270, #1815, #1662, #482 ) ) ;
#1532 = VECTOR ( 'NONE', #591, 1000.000000000000000 ) ;
#1533 = UNCERTAINTY_MEASURE_WITH_UNIT (LENGTH_MEASURE( 1.000000000000000082E-05 ), #1296, 'distance_accuracy_value', 'NONE');
#1534 = DIRECTION ( 'NONE',  ( -0.000000000000000000, -0.000000000000000000, -1.000000000000000000 ) ) ;
#1535 = PLANE ( 'NONE',  #1388 ) ;
#1536 = COLOUR_RGB ( '',0.8431372549019607865, 0.8431372549019607865, 0.8431372549019607865 ) ;
#1537 = STYLED_ITEM ( 'NONE', ( #1812 ), #938 ) ;
#1538 = ORIENTED_EDGE ( 'NONE', *, *, #1642, .F. ) ;
#1539 =( NAMED_UNIT ( * ) SI_UNIT ( $, .STERADIAN. ) SOLID_ANGLE_UNIT ( ) );
#1540 =( NAMED_UNIT ( * ) PLANE_ANGLE_UNIT ( ) SI_UNIT ( $, .RADIAN. ) );
#1541 = LINE ( 'NONE', #30, #1211 ) ;
#1542 = EDGE_CURVE ( 'NONE', #1378, #1766, #803, .T. ) ;
#1543 = CARTESIAN_POINT ( 'NONE',  ( 57.50000000000000000, 37.90000000000000568, 0.000000000000000000 ) ) ;
#1544 = MECHANICAL_DESIGN_GEOMETRIC_PRESENTATION_REPRESENTATION (  '', ( #221 ), #678 ) ;
#1545 = ORIENTED_EDGE ( 'NONE', *, *, #1200, .F. ) ;
#1546 = DIRECTION ( 'NONE',  ( 1.000000000000000000, 0.000000000000000000, 0.000000000000000000 ) ) ;
#1547 = EDGE_LOOP ( 'NONE', ( #818, #739, #1731, #976 ) ) ;
#1548 = CARTESIAN_POINT ( 'NONE',  ( 30.00000000000000000, -38.49999999999997868, 1.090000000000000524 ) ) ;
#1549 = LINE ( 'NONE', #1287, #1150 ) ;
#1550 = EDGE_LOOP ( 'NONE', ( #1244, #1545, #746, #1803 ) ) ;
#1551 = SURFACE_STYLE_USAGE ( .BOTH. , #672 ) ;
#1552 = CARTESIAN_POINT ( 'NONE',  ( -30.00000000000000000, -39.39999999999999147, 0.1899999999999947009 ) ) ;
#1553 = ORIENTED_EDGE ( 'NONE', *, *, #1373, .T. ) ;
#1554 = LINE ( 'NONE', #100, #1719 ) ;
#1555 = EDGE_CURVE ( 'NONE', #1671, #557, #478, .T. ) ;
#1556 = DIRECTION ( 'NONE',  ( -1.000000000000000000, -0.000000000000000000, 0.000000000000000000 ) ) ;
#1557 = CARTESIAN_POINT ( 'NONE',  ( -30.00000000000000000, -37.89999999999999147, 2.090000000000000746 ) ) ;
#1558 = DIRECTION ( 'NONE',  ( 0.000000000000000000, 0.000000000000000000, 1.000000000000000000 ) ) ;
#1559 =( LENGTH_UNIT ( ) NAMED_UNIT ( * ) SI_UNIT ( .MILLI., .METRE. ) );
#1560 = ORIENTED_EDGE ( 'NONE', *, *, #1069, .F. ) ;
#1561 =( NAMED_UNIT ( * ) PLANE_ANGLE_UNIT ( ) SI_UNIT ( $, .RADIAN. ) );
#1562 = ORIENTED_EDGE ( 'NONE', *, *, #964, .T. ) ;
#1563 = EDGE_CURVE ( 'NONE', #94, #586, #1487, .T. ) ;
#1564 = DIRECTION ( 'NONE',  ( -0.000000000000000000, -0.000000000000000000, -1.000000000000000000 ) ) ;
#1565 = CARTESIAN_POINT ( 'NONE',  ( 0.000000000000000000, -32.39999999999999858, 3.180000000000000160 ) ) ;
#1566 = VECTOR ( 'NONE', #282, 1000.000000000000000 ) ;
#1567 = VECTOR ( 'NONE', #680, 1000.000000000000000 ) ;
#1568 = FACE_OUTER_BOUND ( 'NONE', #366, .T. ) ;
#1569 = PRESENTATION_LAYER_ASSIGNMENT (  '', '', ( #1601 ) ) ;
#1570 = CARTESIAN_POINT ( 'NONE',  ( 3.000000000000002665, -9.899999999999995026, -0.9099999999999995870 ) ) ;
#1571 = VERTEX_POINT ( 'NONE', #91 ) ;
#1572 = PRESENTATION_STYLE_ASSIGNMENT (( #34 ) ) ;
#1573 =( NAMED_UNIT ( * ) PLANE_ANGLE_UNIT ( ) SI_UNIT ( $, .RADIAN. ) );
#1574 =( GEOMETRIC_REPRESENTATION_CONTEXT ( 3 ) GLOBAL_UNCERTAINTY_ASSIGNED_CONTEXT ( ( #817 ) ) GLOBAL_UNIT_ASSIGNED_CONTEXT ( ( #458, #1606, #78 ) ) REPRESENTATION_CONTEXT ( 'NONE', 'WORKASPACE' ) );
#1575 =( NAMED_UNIT ( * ) SI_UNIT ( $, .STERADIAN. ) SOLID_ANGLE_UNIT ( ) );
#1576 = MECHANICAL_DESIGN_GEOMETRIC_PRESENTATION_REPRESENTATION (  '', ( #192 ), #888 ) ;
#1577 = PLANE ( 'NONE',  #307 ) ;
#1578 = LINE ( 'NONE', #159, #134 ) ;
#1579 = VERTEX_POINT ( 'NONE', #202 ) ;
#1580 = CARTESIAN_POINT ( 'NONE',  ( -30.00000000000000000, -37.89999999999999147, 1.090000000000000524 ) ) ;
#1581 = DIRECTION ( 'NONE',  ( 1.000000000000000000, 0.000000000000000000, 0.000000000000000000 ) ) ;
#1582 = ORIENTED_EDGE ( 'NONE', *, *, #902, .T. ) ;
#1583 = FILL_AREA_STYLE ('',( #280 ) ) ;
#1584 = FILL_AREA_STYLE ('',( #1024 ) ) ;
#1585 = EDGE_LOOP ( 'NONE', ( #1043, #1139, #922, #1185 ) ) ;
#1586 = ADVANCED_FACE ( 'NONE', ( #931 ), #1348, .T. ) ;
#1587 = SURFACE_SIDE_STYLE ('',( #1169 ) ) ;
#1588 = SURFACE_STYLE_FILL_AREA ( #1462 ) ;
#1589 = VECTOR ( 'NONE', #68, 1000.000000000000000 ) ;
#1590 =( LENGTH_UNIT ( ) NAMED_UNIT ( * ) SI_UNIT ( .MILLI., .METRE. ) );
#1591 = SURFACE_STYLE_USAGE ( .BOTH. , #619 ) ;
#1592 = VECTOR ( 'NONE', #719, 1000.000000000000000 ) ;
#1593 = VECTOR ( 'NONE', #1774, 1000.000000000000000 ) ;
#1594 = CARTESIAN_POINT ( 'NONE',  ( -54.00000000000000711, 32.39999999999999858, 0.000000000000000000 ) ) ;
#1595 = EDGE_LOOP ( 'NONE', ( #545, #972, #1786, #1645 ) ) ;
#1596 = DIRECTION ( 'NONE',  ( 0.000000000000000000, 0.000000000000000000, -1.000000000000000000 ) ) ;
#1597 = AXIS2_PLACEMENT_3D ( 'NONE', #1765, #751, #486 ) ;
#1598 = ADVANCED_FACE ( 'NONE', ( #695 ), #1828, .T. ) ;
#1599 = DIRECTION ( 'NONE',  ( -1.000000000000000000, 0.000000000000000000, -0.000000000000000000 ) ) ;
#1600 = UNCERTAINTY_MEASURE_WITH_UNIT (LENGTH_MEASURE( 1.000000000000000082E-05 ), #1436, 'distance_accuracy_value', 'NONE');
#1601 = STYLED_ITEM ( 'NONE', ( #1234 ), #840 ) ;
#1602 = AXIS2_PLACEMENT_3D ( 'NONE', #178, #1499, #1057 ) ;
#1603 = DIRECTION ( 'NONE',  ( -0.000000000000000000, -0.000000000000000000, 1.000000000000000000 ) ) ;
#1604 = VECTOR ( 'NONE', #270, 1000.000000000000000 ) ;
#1605 = VERTEX_POINT ( 'NONE', #1382 ) ;
#1606 =( NAMED_UNIT ( * ) PLANE_ANGLE_UNIT ( ) SI_UNIT ( $, .RADIAN. ) );
#1607 = SURFACE_SIDE_STYLE ('',( #1473 ) ) ;
#1608 = CARTESIAN_POINT ( 'NONE',  ( 53.99999999999999289, -32.39999999999999858, 3.180000000000000160 ) ) ;
#1609 = CARTESIAN_POINT ( 'NONE',  ( 0.000000000000000000, -32.39999999999999858, 3.180000000000000160 ) ) ;
#1610 = PRESENTATION_STYLE_ASSIGNMENT (( #284 ) ) ;
#1611 = EDGE_CURVE ( 'NONE', #831, #649, #1692, .T. ) ;
#1612 = CARTESIAN_POINT ( 'NONE',  ( 3.000000000000002665, -6.899999999999995914, -0.9099999999999995870 ) ) ;
#1613 = VERTEX_POINT ( 'NONE', #1670 ) ;
#1614 = FILL_AREA_STYLE ('',( #798 ) ) ;
#1615 = FILL_AREA_STYLE ('',( #171 ) ) ;
#1616 = CARTESIAN_POINT ( 'NONE',  ( 0.000000000000000000, 32.39999999999999858, 3.180000000000000160 ) ) ;
#1617 = EDGE_LOOP ( 'NONE', ( #891, #1632, #1384, #848 ) ) ;
#1618 = SURFACE_STYLE_USAGE ( .BOTH. , #349 ) ;
#1619 = EDGE_CURVE ( 'NONE', #1438, #350, #960, .T. ) ;
#1620 = MECHANICAL_DESIGN_GEOMETRIC_PRESENTATION_REPRESENTATION (  '', ( #544 ), #574 ) ;
#1621 =( NAMED_UNIT ( * ) PLANE_ANGLE_UNIT ( ) SI_UNIT ( $, .RADIAN. ) );
#1622 = ORIENTED_EDGE ( 'NONE', *, *, #1563, .T. ) ;
#1623 = CARTESIAN_POINT ( 'NONE',  ( 53.99999999999999289, 0.000000000000000000, 3.180000000000000160 ) ) ;
#1624 = PRESENTATION_LAYER_ASSIGNMENT (  '', '', ( #300 ) ) ;
#1625 = STYLED_ITEM ( 'NONE', ( #1085 ), #1340 ) ;
#1626 = LINE ( 'NONE', #1785, #1361 ) ;
#1627 = COLOUR_RGB ( '',0.2862745098039215508, 0.2862745098039215508, 0.2862745098039215508 ) ;
#1628 =( NAMED_UNIT ( * ) SI_UNIT ( $, .STERADIAN. ) SOLID_ANGLE_UNIT ( ) );
#1629 =( NAMED_UNIT ( * ) SI_UNIT ( $, .STERADIAN. ) SOLID_ANGLE_UNIT ( ) );
#1630 = VECTOR ( 'NONE', #879, 1000.000000000000000 ) ;
#1631 = SURFACE_STYLE_FILL_AREA ( #1352 ) ;
#1632 = ORIENTED_EDGE ( 'NONE', *, *, #590, .F. ) ;
#1633 =( LENGTH_UNIT ( ) NAMED_UNIT ( * ) SI_UNIT ( .MILLI., .METRE. ) );
#1634 = SURFACE_SIDE_STYLE ('',( #476 ) ) ;
#1635 =( LENGTH_UNIT ( ) NAMED_UNIT ( * ) SI_UNIT ( .MILLI., .METRE. ) );
#1636 = SURFACE_SIDE_STYLE ('',( #1763 ) ) ;
#1637 = SURFACE_STYLE_FILL_AREA ( #1332 ) ;
#1638 = FILL_AREA_STYLE_COLOUR ( '', #674 ) ;
#1639 = VERTEX_POINT ( 'NONE', #231 ) ;
#1640 = SURFACE_STYLE_USAGE ( .BOTH. , #1634 ) ;
#1641 = CARTESIAN_POINT ( 'NONE',  ( -30.00000000000000000, -38.49999999999999289, -1.909999999999999698 ) ) ;
#1642 = EDGE_CURVE ( 'NONE', #572, #676, #454, .T. ) ;
#1643 = FILL_AREA_STYLE ('',( #1084 ) ) ;
#1644 = AXIS2_PLACEMENT_3D ( 'NONE', #867, #1596, #305 ) ;
#1645 = ORIENTED_EDGE ( 'NONE', *, *, #390, .T. ) ;
#1646 = SURFACE_STYLE_USAGE ( .BOTH. , #1345 ) ;
#1647 = DIRECTION ( 'NONE',  ( 0.000000000000000000, 1.000000000000000000, 0.000000000000000000 ) ) ;
#1648 = CARTESIAN_POINT ( 'NONE',  ( 57.50000000000000000, 5.900000000000002132, -5.339999999999998970 ) ) ;
#1649 = SURFACE_STYLE_USAGE ( .BOTH. , #1636 ) ;
#1650 =( GEOMETRIC_REPRESENTATION_CONTEXT ( 3 ) GLOBAL_UNCERTAINTY_ASSIGNED_CONTEXT ( ( #1203 ) ) GLOBAL_UNIT_ASSIGNED_CONTEXT ( ( #910, #317, #1628 ) ) REPRESENTATION_CONTEXT ( 'NONE', 'WORKASPACE' ) );
#1651 = ORIENTED_EDGE ( 'NONE', *, *, #1563, .F. ) ;
#1652 = VECTOR ( 'NONE', #1820, 1000.000000000000000 ) ;
#1653 = VECTOR ( 'NONE', #541, 1000.000000000000000 ) ;
#1654 = CARTESIAN_POINT ( 'NONE',  ( -30.00000000000000000, -38.49999999999999289, 0.1900000000000009459 ) ) ;
#1655 =( GEOMETRIC_REPRESENTATION_CONTEXT ( 3 ) GLOBAL_UNCERTAINTY_ASSIGNED_CONTEXT ( ( #660 ) ) GLOBAL_UNIT_ASSIGNED_CONTEXT ( ( #406, #999, #860 ) ) REPRESENTATION_CONTEXT ( 'NONE', 'WORKASPACE' ) );
#1656 = VECTOR ( 'NONE', #1451, 1000.000000000000000 ) ;
#1657 = DIRECTION ( 'NONE',  ( -1.000000000000000000, 0.000000000000000000, 0.000000000000000000 ) ) ;
#1658 = ORIENTED_EDGE ( 'NONE', *, *, #28, .F. ) ;
#1659 = FACE_OUTER_BOUND ( 'NONE', #1693, .T. ) ;
#1660 = FILL_AREA_STYLE ('',( #1511 ) ) ;
#1661 = ORIENTED_EDGE ( 'NONE', *, *, #140, .T. ) ;
#1662 = ADVANCED_FACE ( 'NONE', ( #263 ), #1249, .F. ) ;
#1663 = DIRECTION ( 'NONE',  ( 2.141633920959021001E-16, -1.000000000000000000, 0.000000000000000000 ) ) ;
#1664 = FILL_AREA_STYLE_COLOUR ( '', #1144 ) ;
#1665 = ORIENTED_EDGE ( 'NONE', *, *, #826, .T. ) ;
#1666 = FACE_OUTER_BOUND ( 'NONE', #143, .T. ) ;
#1667 = CARTESIAN_POINT ( 'NONE',  ( -57.50000000000000000, 37.90000000000000568, -5.339999999999998970 ) ) ;
#1668 = UNCERTAINTY_MEASURE_WITH_UNIT (LENGTH_MEASURE( 1.000000000000000082E-05 ), #1836, 'distance_accuracy_value', 'NONE');
#1669 =( LENGTH_UNIT ( ) NAMED_UNIT ( * ) SI_UNIT ( .MILLI., .METRE. ) );
#1670 = CARTESIAN_POINT ( 'NONE',  ( -53.99999999999999289, -32.39999999999999858, 3.180000000000000160 ) ) ;
#1671 = VERTEX_POINT ( 'NONE', #1163 ) ;
#1672 = EDGE_CURVE ( 'NONE', #1378, #1639, #1322, .T. ) ;
#1673 = ORIENTED_EDGE ( 'NONE', *, *, #1200, .T. ) ;
#1674 = DIRECTION ( 'NONE',  ( 1.000000000000000000, 0.000000000000000000, 0.000000000000000000 ) ) ;
#1675 =( NAMED_UNIT ( * ) SI_UNIT ( $, .STERADIAN. ) SOLID_ANGLE_UNIT ( ) );
#1676 = AXIS2_PLACEMENT_3D ( 'NONE', #357, #1116, #1788 ) ;
#1677 =( GEOMETRIC_REPRESENTATION_CONTEXT ( 3 ) GLOBAL_UNCERTAINTY_ASSIGNED_CONTEXT ( ( #1357 ) ) GLOBAL_UNIT_ASSIGNED_CONTEXT ( ( #131, #420, #1177 ) ) REPRESENTATION_CONTEXT ( 'NONE', 'WORKASPACE' ) );
#1678 = DIRECTION ( 'NONE',  ( 0.000000000000000000, 1.000000000000000000, 0.000000000000000000 ) ) ;
#1679 = VERTEX_POINT ( 'NONE', #1294 ) ;
#1680 = CLOSED_SHELL ( 'NONE', ( #174, #790, #165, #1794, #1229, #1691, #896, #499, #508, #1048 ) ) ;
#1681 = COLOUR_RGB ( '',0.8431372549019607865, 0.8431372549019607865, 0.8431372549019607865 ) ;
#1682 = PRESENTATION_LAYER_ASSIGNMENT (  '', '', ( #912 ) ) ;
#1683 = CARTESIAN_POINT ( 'NONE',  ( 60.35000000000000142, -37.89999999999999147, 0.000000000000000000 ) ) ;
#1684 = FACE_OUTER_BOUND ( 'NONE', #99, .T. ) ;
#1685 = COLOUR_RGB ( '',0.7921568627450980005, 0.8196078431372548767, 0.9333333333333333481 ) ;
#1686 = MECHANICAL_DESIGN_GEOMETRIC_PRESENTATION_REPRESENTATION (  '', ( #1601 ), #764 ) ;
#1687 = ORIENTED_EDGE ( 'NONE', *, *, #688, .F. ) ;
#1688 =( NAMED_UNIT ( * ) PLANE_ANGLE_UNIT ( ) SI_UNIT ( $, .RADIAN. ) );
#1689 = COLOUR_RGB ( '',0.2862745098039215508, 0.2862745098039215508, 0.2862745098039215508 ) ;
#1690 = DIRECTION ( 'NONE',  ( 0.000000000000000000, 0.000000000000000000, -1.000000000000000000 ) ) ;
#1691 = ADVANCED_FACE ( 'NONE', ( #873 ), #880, .F. ) ;
#1692 = LINE ( 'NONE', #520, #248 ) ;
#1693 = EDGE_LOOP ( 'NONE', ( #1152, #620, #878, #1025 ) ) ;
#1694 = DIRECTION ( 'NONE',  ( 0.000000000000000000, -1.000000000000000000, 0.000000000000000000 ) ) ;
#1695 = FILL_AREA_STYLE_COLOUR ( '', #1685 ) ;
#1696 = DIRECTION ( 'NONE',  ( 1.000000000000000000, 0.000000000000000000, 0.000000000000000000 ) ) ;
#1697 = VERTEX_POINT ( 'NONE', #573 ) ;
#1698 = CARTESIAN_POINT ( 'NONE',  ( 57.50000000000000000, 0.000000000000000000, 0.000000000000000000 ) ) ;
#1699 = PRODUCT_CONTEXT ( 'NONE', #353, 'mechanical' ) ;
#1700 = FILL_AREA_STYLE_COLOUR ( '', #730 ) ;
#1701 = FILL_AREA_STYLE ('',( #559 ) ) ;
#1702 = EDGE_CURVE ( 'NONE', #806, #1514, #1723, .T. ) ;
#1703 = ORIENTED_EDGE ( 'NONE', *, *, #1449, .T. ) ;
#1704 = UNCERTAINTY_MEASURE_WITH_UNIT (LENGTH_MEASURE( 1.000000000000000082E-05 ), #990, 'distance_accuracy_value', 'NONE');
#1705 = LINE ( 'NONE', #1108, #1804 ) ;
#1706 = PRESENTATION_STYLE_ASSIGNMENT (( #757 ) ) ;
#1707 = CARTESIAN_POINT ( 'NONE',  ( -30.00000000000000000, -40.39999999999999147, 0.1899999999999912315 ) ) ;
#1708 = DIRECTION ( 'NONE',  ( 0.000000000000000000, -1.000000000000000000, 0.000000000000000000 ) ) ;
#1709 = FACE_OUTER_BOUND ( 'NONE', #947, .T. ) ;
#1710 =( NAMED_UNIT ( * ) PLANE_ANGLE_UNIT ( ) SI_UNIT ( $, .RADIAN. ) );
#1711 = MECHANICAL_DESIGN_GEOMETRIC_PRESENTATION_REPRESENTATION (  '', ( #571 ), #417 ) ;
#1712 = SURFACE_STYLE_USAGE ( .BOTH. , #1147 ) ;
#1713 = FILL_AREA_STYLE_COLOUR ( '', #484 ) ;
#1714 =( GEOMETRIC_REPRESENTATION_CONTEXT ( 3 ) GLOBAL_UNCERTAINTY_ASSIGNED_CONTEXT ( ( #944 ) ) GLOBAL_UNIT_ASSIGNED_CONTEXT ( ( #519, #968, #657 ) ) REPRESENTATION_CONTEXT ( 'NONE', 'WORKASPACE' ) );
#1715 = VECTOR ( 'NONE', #1603, 1000.000000000000000 ) ;
#1716 = SURFACE_STYLE_USAGE ( .BOTH. , #31 ) ;
#1717 = AXIS2_PLACEMENT_3D ( 'NONE', #1408, #2, #842 ) ;
#1718 = PRESENTATION_LAYER_ASSIGNMENT (  '', '', ( #16 ) ) ;
#1719 = VECTOR ( 'NONE', #1694, 1000.000000000000000 ) ;
#1720 = DIRECTION ( 'NONE',  ( -0.000000000000000000, -0.000000000000000000, -1.000000000000000000 ) ) ;
#1721 = STYLED_ITEM ( 'NONE', ( #1413 ), #1662 ) ;
#1722 = ORIENTED_EDGE ( 'NONE', *, *, #1611, .T. ) ;
#1723 = LINE ( 'NONE', #433, #542 ) ;
#1724 = ORIENTED_EDGE ( 'NONE', *, *, #444, .T. ) ;
#1725 = VECTOR ( 'NONE', #1022, 1000.000000000000000 ) ;
#1726 = DIRECTION ( 'NONE',  ( 1.000000000000000000, 0.000000000000000000, 0.000000000000000000 ) ) ;
#1727 = FILL_AREA_STYLE_COLOUR ( '', #1443 ) ;
#1728 = EDGE_CURVE ( 'NONE', #992, #288, #35, .T. ) ;
#1729 = CARTESIAN_POINT ( 'NONE',  ( -30.00000000000000000, -38.49999999999997868, 2.090000000000000746 ) ) ;
#1730 =( NAMED_UNIT ( * ) SI_UNIT ( $, .STERADIAN. ) SOLID_ANGLE_UNIT ( ) );
#1731 = ORIENTED_EDGE ( 'NONE', *, *, #902, .F. ) ;
#1732 = DIRECTION ( 'NONE',  ( -0.000000000000000000, -1.000000000000000000, 0.000000000000000000 ) ) ;
#1733 = EDGE_CURVE ( 'NONE', #291, #572, #1018, .T. ) ;
#1734 = SURFACE_STYLE_USAGE ( .BOTH. , #1480 ) ;
#1735 = ORIENTED_EDGE ( 'NONE', *, *, #1619, .T. ) ;
#1736 = ORIENTED_EDGE ( 'NONE', *, *, #1513, .F. ) ;
#1737 = MECHANICAL_DESIGN_GEOMETRIC_PRESENTATION_REPRESENTATION (  '', ( #971 ), #329 ) ;
#1738 =( LENGTH_UNIT ( ) NAMED_UNIT ( * ) SI_UNIT ( .MILLI., .METRE. ) );
#1739 = AXIS2_PLACEMENT_3D ( 'NONE', #1609, #479, #1077 ) ;
#1740 = COLOUR_RGB ( '',0.7450980392156862919, 0.4901960784313725283, 0.3333333333333333148 ) ;
#1741 = SURFACE_SIDE_STYLE ('',( #1320 ) ) ;
#1742 = EDGE_LOOP ( 'NONE', ( #1460, #77, #1337, #721 ) ) ;
#1743 = DIRECTION ( 'NONE',  ( -1.000000000000000000, 0.000000000000000000, 0.000000000000000000 ) ) ;
#1744 =( GEOMETRIC_REPRESENTATION_CONTEXT ( 3 ) GLOBAL_UNCERTAINTY_ASSIGNED_CONTEXT ( ( #1533 ) ) GLOBAL_UNIT_ASSIGNED_CONTEXT ( ( #1296, #1751, #173 ) ) REPRESENTATION_CONTEXT ( 'NONE', 'WORKASPACE' ) );
#1745 = EDGE_LOOP ( 'NONE', ( #264, #39, #1174, #149 ) ) ;
#1746 = ADVANCED_FACE ( 'NONE', ( #1425 ), #1026, .F. ) ;
#1747 =( LENGTH_UNIT ( ) NAMED_UNIT ( * ) SI_UNIT ( .MILLI., .METRE. ) );
#1748 = VECTOR ( 'NONE', #1466, 1000.000000000000000 ) ;
#1749 = MECHANICAL_DESIGN_GEOMETRIC_PRESENTATION_REPRESENTATION (  '', ( #1721 ), #1677 ) ;
#1750 = STYLED_ITEM ( 'NONE', ( #987 ), #1079 ) ;
#1751 =( NAMED_UNIT ( * ) PLANE_ANGLE_UNIT ( ) SI_UNIT ( $, .RADIAN. ) );
#1752 = AXIS2_PLACEMENT_3D ( 'NONE', #1350, #196, #341 ) ;
#1753 =( NAMED_UNIT ( * ) PLANE_ANGLE_UNIT ( ) SI_UNIT ( $, .RADIAN. ) );
#1754 = DIRECTION ( 'NONE',  ( 0.000000000000000000, 1.000000000000000000, 0.000000000000000000 ) ) ;
#1755 = EDGE_LOOP ( 'NONE', ( #715, #1819, #122, #1724 ) ) ;
#1756 = EDGE_CURVE ( 'NONE', #1579, #24, #1492, .T. ) ;
#1757 = DIRECTION ( 'NONE',  ( 1.000000000000000000, 0.000000000000000000, 0.000000000000000000 ) ) ;
#1758 = DIRECTION ( 'NONE',  ( -2.141633920959021494E-16, 1.000000000000000000, 0.000000000000000000 ) ) ;
#1759 = VERTEX_POINT ( 'NONE', #632 ) ;
#1760 = PLANE ( 'NONE',  #1040 ) ;
#1761 = DIRECTION ( 'NONE',  ( -0.000000000000000000, -0.000000000000000000, -1.000000000000000000 ) ) ;
#1762 = SURFACE_STYLE_USAGE ( .BOTH. , #800 ) ;
#1763 = SURFACE_STYLE_FILL_AREA ( #511 ) ;
#1764 = CARTESIAN_POINT ( 'NONE',  ( 3.000000000000002665, -6.899999999999995914, -1.909999999999999698 ) ) ;
#1765 = CARTESIAN_POINT ( 'NONE',  ( 0.000000000000000000, 0.000000000000000000, 3.180000000000000160 ) ) ;
#1766 = VERTEX_POINT ( 'NONE', #906 ) ;
#1767 = PRESENTATION_LAYER_ASSIGNMENT (  '', '', ( #729 ) ) ;
#1768 = DIRECTION ( 'NONE',  ( -0.000000000000000000, -0.000000000000000000, 1.000000000000000000 ) ) ;
#1769 = FILL_AREA_STYLE ('',( #498 ) ) ;
#1770 = STYLED_ITEM ( 'NONE', ( #1179 ), #201 ) ;
#1771 = COLOUR_RGB ( '',0.2862745098039215508, 0.2862745098039215508, 0.2862745098039215508 ) ;
#1772 = LINE ( 'NONE', #1330, #943 ) ;
#1773 =( NAMED_UNIT ( * ) PLANE_ANGLE_UNIT ( ) SI_UNIT ( $, .RADIAN. ) );
#1774 = DIRECTION ( 'NONE',  ( 1.000000000000000000, 0.000000000000000000, 0.000000000000000000 ) ) ;
#1775 = VECTOR ( 'NONE', #1556, 1000.000000000000000 ) ;
#1776 = CARTESIAN_POINT ( 'NONE',  ( -0.000000000000000000, 32.39999999999999858, 0.000000000000000000 ) ) ;
#1777 = EDGE_CURVE ( 'NONE', #806, #1093, #506, .T. ) ;
#1778 = UNCERTAINTY_MEASURE_WITH_UNIT (LENGTH_MEASURE( 1.000000000000000082E-05 ), #1747, 'distance_accuracy_value', 'NONE');
#1779 = VERTEX_POINT ( 'NONE', #79 ) ;
#1780 = DIRECTION ( 'NONE',  ( 1.000000000000000000, 0.000000000000000000, -0.000000000000000000 ) ) ;
#1781 = FACE_OUTER_BOUND ( 'NONE', #33, .T. ) ;
#1782 = AXIS2_PLACEMENT_3D ( 'NONE', #683, #1508, #670 ) ;
#1783 = LINE ( 'NONE', #1075, #1420 ) ;
#1784 = UNCERTAINTY_MEASURE_WITH_UNIT (LENGTH_MEASURE( 1.000000000000000082E-05 ), #652, 'distance_accuracy_value', 'NONE');
#1785 = CARTESIAN_POINT ( 'NONE',  ( -30.00000000000000000, -39.39999999999999147, 0.1899999999999905098 ) ) ;
#1786 = ORIENTED_EDGE ( 'NONE', *, *, #1237, .F. ) ;
#1787 = CARTESIAN_POINT ( 'NONE',  ( -60.35000000000000142, -37.89999999999999147, 0.000000000000000000 ) ) ;
#1788 = DIRECTION ( 'NONE',  ( 0.000000000000000000, -1.000000000000000000, 0.000000000000000000 ) ) ;
#1789 = ORIENTED_EDGE ( 'NONE', *, *, #228, .T. ) ;
#1790 = PLANE ( 'NONE',  #524 ) ;
#1791 = EDGE_CURVE ( 'NONE', #1521, #649, #199, .T. ) ;
#1792 = CARTESIAN_POINT ( 'NONE',  ( -54.00000000000000000, -1.156482317317871291E-14, 0.000000000000000000 ) ) ;
#1793 = CARTESIAN_POINT ( 'NONE',  ( 57.50000000000000000, 5.900000000000002132, 0.000000000000000000 ) ) ;
#1794 = ADVANCED_FACE ( 'NONE', ( #622 ), #190, .T. ) ;
#1795 = CARTESIAN_POINT ( 'NONE',  ( -30.00000000000000000, -38.49999999999997868, -0.9099999999999995870 ) ) ;
#1796 = FACE_OUTER_BOUND ( 'NONE', #997, .T. ) ;
#1797 = ORIENTED_EDGE ( 'NONE', *, *, #268, .F. ) ;
#1798 = FILL_AREA_STYLE ('',( #1087 ) ) ;
#1799 = MECHANICAL_DESIGN_GEOMETRIC_PRESENTATION_REPRESENTATION (  '', ( #328 ), #973 ) ;
#1800 = VECTOR ( 'NONE', #1223, 1000.000000000000000 ) ;
#1801 = UNCERTAINTY_MEASURE_WITH_UNIT (LENGTH_MEASURE( 1.000000000000000082E-05 ), #1432, 'distance_accuracy_value', 'NONE');
#1802 = EDGE_CURVE ( 'NONE', #119, #504, #1196, .T. ) ;
#1803 = ORIENTED_EDGE ( 'NONE', *, *, #627, .T. ) ;
#1804 = VECTOR ( 'NONE', #1663, 1000.000000000000000 ) ;
#1805 = VECTOR ( 'NONE', #1341, 1000.000000000000000 ) ;
#1806 =( LENGTH_UNIT ( ) NAMED_UNIT ( * ) SI_UNIT ( .MILLI., .METRE. ) );
#1807 = VECTOR ( 'NONE', #1757, 1000.000000000000000 ) ;
#1808 = FILL_AREA_STYLE_COLOUR ( '', #245 ) ;
#1809 = PRESENTATION_LAYER_ASSIGNMENT (  '', '', ( #983 ) ) ;
#1810 = ORIENTED_EDGE ( 'NONE', *, *, #369, .F. ) ;
#1811 = SURFACE_STYLE_FILL_AREA ( #1129 ) ;
#1812 = PRESENTATION_STYLE_ASSIGNMENT (( #1551 ) ) ;
#1813 = DIRECTION ( 'NONE',  ( 1.000000000000000000, -5.748876473825375650E-17, 0.000000000000000000 ) ) ;
#1814 = ORIENTED_EDGE ( 'NONE', *, *, #1449, .F. ) ;
#1815 = ADVANCED_FACE ( 'NONE', ( #1781 ), #612, .T. ) ;
#1816 = UNCERTAINTY_MEASURE_WITH_UNIT (LENGTH_MEASURE( 1.000000000000000082E-05 ), #835, 'distance_accuracy_value', 'NONE');
#1817 = SURFACE_STYLE_USAGE ( .BOTH. , #1252 ) ;
#1818 = DIRECTION ( 'NONE',  ( 1.000000000000000000, 0.000000000000000000, 0.000000000000000000 ) ) ;
#1819 = ORIENTED_EDGE ( 'NONE', *, *, #919, .T. ) ;
#1820 = DIRECTION ( 'NONE',  ( 0.000000000000000000, -0.000000000000000000, -1.000000000000000000 ) ) ;
#1821 = ORIENTED_EDGE ( 'NONE', *, *, #471, .F. ) ;
#1822 =( NAMED_UNIT ( * ) PLANE_ANGLE_UNIT ( ) SI_UNIT ( $, .RADIAN. ) );
#1823 = CARTESIAN_POINT ( 'NONE',  ( 30.00000000000000000, -37.89999999999999147, 1.090000000000000524 ) ) ;
#1824 = STYLED_ITEM ( 'NONE', ( #502 ), #1295 ) ;
#1825 = ORIENTED_EDGE ( 'NONE', *, *, #1513, .T. ) ;
#1826 = DIRECTION ( 'NONE',  ( 1.000000000000000000, 2.141633920959021494E-16, -0.000000000000000000 ) ) ;
#1827 = VECTOR ( 'NONE', #1207, 1000.000000000000000 ) ;
#1828 = PLANE ( 'NONE',  #1065 ) ;
#1829 = ORIENTED_EDGE ( 'NONE', *, *, #1672, .T. ) ;
#1830 = STYLED_ITEM ( 'NONE', ( #907 ), #103 ) ;
#1831 = VECTOR ( 'NONE', #714, 1000.000000000000000 ) ;
#1832 = VECTOR ( 'NONE', #1369, 1000.000000000000000 ) ;
#1833 = SURFACE_STYLE_USAGE ( .BOTH. , #1269 ) ;
#1834 =( GEOMETRIC_REPRESENTATION_CONTEXT ( 3 ) GLOBAL_UNCERTAINTY_ASSIGNED_CONTEXT ( ( #1486 ) ) GLOBAL_UNIT_ASSIGNED_CONTEXT ( ( #940, #780, #804 ) ) REPRESENTATION_CONTEXT ( 'NONE', 'WORKASPACE' ) );
#1835 = ORIENTED_EDGE ( 'NONE', *, *, #568, .F. ) ;
#1836 =( LENGTH_UNIT ( ) NAMED_UNIT ( * ) SI_UNIT ( .MILLI., .METRE. ) );
#1837 = ADVANCED_FACE ( 'NONE', ( #948 ), #808, .T. ) ;
#1838 = CARTESIAN_POINT ( 'NONE',  ( 53.99999999999999289, 0.000000000000000000, 0.000000000000000000 ) ) ;
#1839 = CARTESIAN_POINT ( 'NONE',  ( 30.00000000000000000, -12.89999999999999503, -1.909999999999999698 ) ) ;
#1840 = PRESENTATION_STYLE_ASSIGNMENT (( #786 ) ) ;
#1841 = VERTEX_POINT ( 'NONE', #1548 ) ;
ENDSEC;
END-ISO-10303-21;
